Time,S1,S2,S3,S4,Fail
2008-07-19 11:55,-1.7264,21.7264,0.9226,6.5893,-1
2008-07-19 12:32,0.8073,19.1927,1.1598,5.9247,-1
2008-07-19 13:17,23.8245,16.1755,0.8694,5.9453,1
2008-07-19 14:43,24.3791,15.6209,0.9761,6.6262,-1
2008-07-19 15:22,-12.2945,32.2945,0.9256,4.7279,-1
2008-07-19 17:53,28.2955,11.7045,0.9227,6.9023,-1
2008-07-19 19:44,2.1109,17.8891,1.115,5.6179,-1
2008-07-19 19:45,29.1309,10.8691,0.9965,6.7078,-1
2008-07-19 20:24,26.9791,13.0209,0.9079,5.1862,-1
2008-07-19 21:35,28.3118,11.6882,1.0028,4.6386,-1
2008-07-19 21:57,27.8373,12.1627,0.8692,5.6835,1
2008-07-19 22:52,25.0836,14.9164,0.9241,5.7487,1
2008-07-20 3:35,22.6227,17.3773,0.9556,5.9035,-1
2008-07-21 8:21,-1.1927,21.1927,0.9458,6.3649,-1
2008-07-21 11:53,17.6382,22.3618,1.0144,5.123,1
2008-07-22 0:03,20.4209,19.5791,0.9025,4.8336,-1
2008-07-22 2:59,-8.1182,28.1182,0.8885,4.46,-1
2008-07-22 8:41,-5.5327,25.5327,0.9808,6.0208,-1
2008-07-22 11:47,0.4836,19.5164,0.9488,6.7673,-1
2008-07-22 14:00,22.4736,17.5264,1.1173,7.2048,-1
2008-07-22 15:30,3.97,16.03,0.8482,8.0033,-1
2008-07-23 5:15,0.12,19.88,0.8824,6.3283,-1
2008-07-23 19:22,-3.6564,23.6564,0.9885,5.931,-1
2008-07-25 15:23,18.3936,21.6064,0.9004,5.1394,1
2008-07-27 4:18,15.3536,24.6464,0.9295,6.3794,-1
2008-07-27 9:37,2.9964,17.0036,1.0265,4.6076,-1
2008-07-27 11:10,-6.9155,26.9155,0.9592,5.6116,-1
2008-07-27 15:46,17.3873,22.6127,1.2603,6.454,-1
2008-07-27 16:06,13.1136,26.8864,0.8801,4.9932,-1
2008-07-27 16:49,14.7073,25.2927,0.9518,5.9092,-1
2008-07-27 20:24,29.5109,10.4891,0.9794,5.3846,-1
2008-07-27 22:28,13.1482,26.8518,0.9459,6.5439,-1
2008-07-27 22:28,-3.3864,23.3864,0.9684,5.324,-1
2008-07-27 23:14,4.4036,15.5964,0.9985,5.1045,-1
2008-07-28 3:31,17.5473,22.4527,0.8726,5.6724,-1
2008-07-28 3:48,-10.1245,30.1245,0.9618,5.4498,-1
2008-07-28 4:37,13.9782,26.0218,1.2754,6.3331,-1
2008-07-28 5:36,13.4891,26.5109,0.9285,5.4884,-1
2008-07-28 6:45,24.9027,15.0973,0.9017,9.3583,1
2008-07-28 8:36,23.4736,16.5264,0.9273,5.7302,-1
2008-07-28 15:11,15.1509,24.8491,1.2705,6.8342,1
2008-07-28 23:57,-2.6636,22.6636,1.0027,5.6251,-1
2008-07-29 4:08,-2.4636,22.4636,1.0049,4.8977,-1
2008-07-29 5:16,19.3136,20.6864,0.858,5.4481,-1
2008-07-29 6:19,8.3045,31.6955,1.0333,6.9464,-1
2008-07-29 8:23,5.03,34.97,1.5783,7.4132,1
2008-07-29 11:47,12.0945,27.9055,0.9556,6.8808,-1
2008-07-29 15:41,23.1373,16.8627,0.8899,5.107,-1
2008-07-29 15:49,25.0382,14.9618,1.0083,5.9064,1
2008-07-29 17:05,23.3109,16.6891,0.9898,6.1475,1
2008-07-29 18:08,23.9555,16.0445,1.0196,6.217,1
2008-07-29 21:07,21.39,18.61,1.0633,4.9702,-1
2008-07-29 23:14,1.5882,38.4118,1.077,5.1451,-1
2008-07-29 23:19,0.6782,19.3218,0.9699,5.3681,-1
2008-07-30 6:30,20.0455,19.9545,1.1096,5.8889,-1
2008-07-30 7:08,21.8964,18.1036,0.9188,6.615,-1
2008-07-30 12:02,22.8809,17.1191,1.0692,5.5407,-1
2008-07-30 12:29,2.5209,37.4791,0.8364,5.8719,1
2008-07-30 21:16,15.9527,24.0473,0.966,4.8044,1
2008-07-31 13:57,-1.6545,21.6545,1.0238,5.6149,-1
2008-07-31 15:36,6.7391,33.2609,0.8602,6.3673,-1
2008-07-31 17:07,13.8118,26.1882,0.9362,5.5992,-1
2008-07-31 20:18,18.3209,21.6791,1.0277,4.9575,1
2008-01-08 2:02,16.4582,23.5418,1.0104,5.6916,-1
2008-01-08 5:52,9.05,30.95,1.0204,3.8233,1
2008-01-08 10:20,18.8309,21.1691,1.0443,5.4454,-1
2008-01-08 10:26,18.2809,21.7191,1.0279,4.449,-1
2008-01-08 11:28,19.8,20.2,0.852,5.2492,-1
2008-01-08 12:29,11.6818,28.3182,0.9288,6.3197,-1
2008-01-08 14:07,22.4345,17.5655,0.9251,5.9098,-1
2008-01-08 15:10,17.1627,22.8373,1.0366,5.2908,-1
2008-02-08 3:39,25.4573,14.5427,0.9001,5.3509,-1
2008-03-08 13:09,20.5509,19.4491,1.0593,4.9379,-1
2008-03-08 14:06,18.6827,21.3173,0.9366,6.7393,-1
2008-03-08 14:25,25.4427,14.5573,0.8156,3.3985,-1
2008-03-08 15:03,17.6373,22.3627,1.0716,5.9693,-1
2008-03-08 15:27,24.3509,15.6491,1.0578,5.2549,-1
2008-03-08 16:00,12.0627,27.9373,0.8182,7.3484,-1
2008-03-08 17:00,9.5227,30.4773,0.9518,7.0702,-1
2008-03-08 17:58,22.9245,17.0755,0.9283,5.1076,-1
2008-03-08 20:23,9.3336,30.6664,0.8549,4.9415,-1
2008-03-08 22:52,12.5391,27.4609,0.8434,7.1487,-1
2008-04-08 0:39,12.4309,27.5691,0.8918,6.1096,1
2008-04-08 3:45,28.6355,11.3645,0.8494,4.6119,-1
2008-04-08 3:49,8.6927,31.3073,0.9984,6.3461,-1
2008-04-08 13:19,-5.3055,25.3055,1.0706,4.4162,-1
2008-04-08 14:04,-8.7491,28.7491,1.0498,4.6529,-1
2008-04-08 14:31,26.6582,13.3418,1.0722,5.0862,-1
2008-04-08 15:29,28.7064,11.2936,1.0488,4.8691,-1
2008-04-08 16:15,-8.2255,28.2255,1.053,4.1249,-1
2008-04-08 16:31,28.1191,11.8809,0.9717,6.5257,-1
2008-04-08 17:11,8.6673,11.3327,0.9944,4.9061,-1
2008-04-08 17:46,3.8509,16.1491,0.9996,6.1261,-1
2008-04-08 18:24,-15.1964,35.1964,1.3231,4.1775,-1
2008-04-08 19:58,-6.4836,26.4836,1.0227,4.4159,-1
2008-04-08 20:32,-11.2182,31.2182,1.0223,3.1641,-1
2008-04-08 20:58,11.5591,28.4409,0.8086,8.0936,1
2008-04-08 21:43,28.4227,11.5773,1.2666,5.9176,-1
2008-04-08 22:51,24.4727,15.5273,1.2755,5.4928,-1
2008-04-08 23:33,5.1345,34.8655,0.8645,5.1401,-1
2008-05-08 0:04,24.8064,15.1936,1.2378,4.7966,-1
2008-05-08 1:12,27.6182,12.3818,1.0797,5.6247,-1
2008-05-08 2:15,20.5864,19.4136,1.0996,4.8064,-1
2008-05-08 2:36,27.6655,12.3345,1.0068,5.4798,-1
2008-05-08 2:45,29.0264,10.9736,1.1811,5.1608,-1
2008-05-08 3:17,27.7364,12.2636,0.8439,4.3907,-1
2008-05-08 3:36,24.8282,15.1718,0.9883,5.4243,-1
2008-05-08 3:54,24.6118,15.3882,1.0274,4.8857,-1
2008-05-08 4:32,27.7155,12.2845,1.1912,4.5234,-1
2008-05-08 4:35,23.7864,16.2136,1.0322,6.7107,-1
2008-05-08 5:11,20.6,19.4,1.0594,6.2327,-1
2008-05-08 6:10,29.7509,10.2491,1.212,4.7134,-1
2008-05-08 6:11,23.9945,16.0055,1.0761,5.9738,-1
2008-05-08 6:21,16.7909,23.2091,1.0258,5.7378,-1
2008-05-08 7:12,23.7136,16.2864,1.1316,5.151,-1
2008-05-08 7:12,18.5764,21.4236,1.5275,6.7892,1
2008-05-08 7:48,24.2918,15.7082,1.042,4.7744,-1
2008-05-08 8:50,25.5127,14.4873,0.8602,4.7409,-1
2008-05-08 9:48,26.7064,13.2936,1.0378,4.1918,-1
2008-05-08 14:17,8.9136,31.0864,0.9839,6.2939,-1
2008-05-08 14:45,8.9418,31.0582,1.017,3.9162,-1
2008-05-08 15:45,6.9918,33.0082,0.9093,6.5504,-1
2008-05-08 20:04,16.6036,23.3964,1.0383,5.1975,-1
2008-05-08 21:07,16.5255,23.4745,1.0464,4.9776,-1
2008-05-08 21:22,29.1918,10.8082,1.0232,6.0195,-1
2008-05-08 23:02,10.08,29.92,0.8153,4.0775,-1
2008-05-08 23:06,3.9055,36.0945,1.0213,6.1842,-1
2008-05-08 23:38,26.6527,13.3473,1.0508,7.4808,-1
2008-06-08 0:04,17.6864,22.3136,1.0582,6.9181,-1
2008-06-08 2:20,15.0182,24.9818,1.0232,5.159,-1
2008-06-08 3:22,15.7936,24.2064,1.0294,4.3306,-1
2008-06-08 5:40,6.6636,33.3364,0.7263,4.3065,1
2008-06-08 9:56,10.2109,29.7891,0.9447,5.091,-1
2008-06-08 9:57,-19.1518,39.1518,0.9643,4.5302,-1
2008-06-08 12:33,22.2164,17.7836,1.0126,4.9059,-1
2008-06-08 13:35,25.8364,14.1636,1.1244,5.6758,-1
2008-06-08 17:35,25.9591,14.0409,0.8672,4.4733,-1
2008-06-08 18:00,23.8864,16.1136,1.062,5.1218,-1
2008-06-08 18:34,23.0364,16.9636,0.8801,4.2455,-1
2008-06-08 19:13,22.7418,17.2582,1.0681,5.019,-1
2008-06-08 19:24,-9.2836,29.2836,0.9581,6.7797,-1
2008-06-08 20:00,-17.9336,37.9336,0.8568,6.0556,-1
2008-06-08 20:17,23.5609,16.4391,1.0692,4.6108,-1
2008-06-08 21:15,-8.3127,48.3127,0.8327,5.4572,-1
2008-06-08 22:27,5.3382,34.6618,0.9307,6.3276,-1
2008-06-08 23:40,23.8745,16.1255,0.9029,4.9377,-1
2008-06-08 23:45,27.3427,12.6573,1.1864,4.6988,-1
2008-07-08 0:51,17.3018,22.6982,1.0381,3.9509,-1
2008-07-08 7:30,26.2655,13.7345,0.9278,9.1301,-1
2008-07-08 8:21,-21.2055,41.2055,0.9414,4.5992,-1
2008-07-08 8:45,-7.5382,27.5382,1.0375,6.0177,-1
2008-07-08 8:55,4.3109,15.6891,0.9112,6.3185,-1
2008-07-08 10:12,29.1164,10.8836,0.8446,4.633,-1
2008-07-08 11:10,15.8609,24.1391,1.0866,4.9406,-1
2008-07-08 11:40,26.7745,13.2255,1.0994,5.0729,1
2008-08-08 4:55,-3.2509,23.2509,1.2059,5.8547,-1
2008-08-08 7:26,0.2309,19.7691,1.0433,4.7527,-1
2008-08-08 8:44,26.4509,13.5491,1.3415,4.9274,1
2008-08-08 12:37,-12.1527,32.1527,0.9728,5.658,1
2008-08-08 20:21,-1.5664,41.5664,1.095,6.519,-1
2008-08-08 21:22,14.6455,25.3545,1.0223,5.9943,-1
2008-08-08 21:53,9.6745,30.3255,1.016,6.4736,-1
2008-08-08 22:06,9.8418,30.1582,1.0643,5.6171,-1
2008-08-08 22:25,-5.8682,25.8682,1.0179,3.6339,-1
2008-09-08 2:15,-12.1373,32.1373,1.0349,5.4811,-1
2008-09-08 2:37,12.8364,27.1636,0.7447,3.6581,-1
2008-09-08 6:05,9.4982,30.5018,1.0271,5.4817,-1
2008-09-08 9:16,2.5827,37.4173,1.0358,6.0772,1
2008-09-08 9:22,15.1073,24.8927,1.0919,6.6822,-1
2008-09-08 11:42,4.4282,35.5718,1.0292,6.2531,1
2008-09-08 17:34,17.7927,22.2073,1.0648,6.4502,-1
2008-09-08 19:03,22.7927,17.2073,0.9557,4.7129,-1
2008-09-08 20:04,4.6609,35.3391,1.0629,6.0212,-1
2008-09-08 21:07,26.0509,13.9491,0.8408,4.624,-1
2008-09-08 22:15,17.1673,22.8327,1.0366,5.1789,-1
2008-09-08 22:37,27.7282,12.2718,1.1561,5.5519,-1
2008-09-08 23:17,-13.1245,33.1245,1.0478,4.3346,-1
2008-09-08 23:34,-10.8745,30.8745,1.0083,4.0261,-1
2008-10-08 0:09,-13.3573,33.3573,1.0739,4.5093,-1
2008-10-08 0:46,-2.2809,22.2809,0.9852,4.8217,-1
2008-10-08 6:00,4.9745,35.0255,1.0883,6.0838,1
2008-10-08 6:41,0.3764,19.6236,1.0203,4.0946,-1
2008-10-08 7:01,27.4136,12.5864,0.8754,9.9429,1
2008-10-08 11:16,-10.1291,30.1291,1.0665,3.9807,-1
2008-10-08 11:49,-11.4709,31.4709,1.0169,5.2665,-1
2008-10-08 12:22,3.8964,16.1036,1.0494,5.0091,-1
2008-10-08 15:59,12.8982,27.1018,0.7873,7.9317,1
2008-10-08 19:07,0.4836,39.5164,1.098,6.3585,-1
2008-10-08 20:07,12.3073,27.6927,0.7567,5.119,1
2008-10-08 22:26,21.7573,18.2427,1.0699,4.4579,1
2008-11-08 3:06,10.0236,29.9764,1.0047,6.0788,-1
2008-11-08 4:09,8.0636,31.9364,1.0523,5.5119,-1
2008-11-08 5:15,2.0427,37.9573,1.0669,5.8805,-1
2008-11-08 11:35,17.4,22.6,0.9892,4.4325,-1
2008-11-08 12:38,3.28,36.72,1.0767,5.6288,-1
2008-12-08 4:23,9.2527,10.7473,1.0103,3.1742,-1
2008-12-08 6:16,-17.3591,37.3591,0.8551,4.7862,-1
2008-12-08 10:54,-9.4964,29.4964,1.068,5.6302,-1
2008-12-08 11:29,-7.9627,27.9627,1.418,4.2954,-1
2008-12-08 12:04,1.1173,38.8827,1.0137,5.7351,-1
2008-08-13 2:48,8.3918,31.6082,1.0392,5.2398,-1
2008-08-15 3:26,-15.5318,35.5318,1.0013,4.7025,-1
2008-08-15 4:14,9.6564,30.3436,0.8089,4.4007,-1
2008-08-15 5:13,13.7,26.3,1.1443,5.9776,-1
2008-08-15 9:38,6.5191,13.4809,1.1634,5.5563,-1
2008-08-15 10:14,5.3118,14.6882,1.1057,5.9612,-1
2008-08-15 11:42,7.7745,32.2255,0.9857,4.9738,-1
2008-08-15 18:19,23.9018,16.0982,1.7134,4.1589,-1
2008-08-15 19:19,-0.3327,20.3327,1.1175,5.408,-1
2008-08-15 20:00,20.7782,19.2218,1.7705,5.8348,-1
2008-08-15 20:03,24.26,15.74,1.343,5.1274,-1
2008-08-15 23:31,6.7073,13.2927,0.9716,5.1566,-1
2008-08-16 2:21,29.7264,10.2736,1.0298,5.224,-1
2008-08-16 5:47,11.4855,28.5145,0.7839,5.8437,-1
2008-08-16 6:52,28.3127,11.6873,1.0472,5.274,-1
2008-08-16 7:33,13.7255,26.2745,1.0399,6.3973,-1
2008-08-16 8:39,18.8673,21.1327,1.0848,6.5972,-1
2008-08-16 8:41,5.5782,14.4218,1.0614,6.1385,-1
2008-08-16 9:44,25.5282,14.4718,1.047,5.9524,1
2008-08-16 13:51,5.9945,14.0055,1.0881,5.5813,-1
2008-08-16 14:30,2.7764,17.2236,1.0998,5.7352,-1
2008-08-16 15:16,2.6173,17.3827,1.0509,5.2947,-1
2008-08-16 15:19,20.8336,19.1664,0.7465,7.9441,1
2008-08-16 23:48,27.3,12.7,1.0329,5.4075,-1
2008-08-17 0:52,5.4191,14.5809,1.0369,6.0121,-1
2008-08-17 1:53,5.9136,14.0864,1.1269,6.2617,-1
2008-08-17 3:17,5.3782,14.6218,1.0924,6.625,-1
2008-08-17 3:18,-11.2309,31.2309,0.9237,6.4984,-1
2008-08-17 3:46,-1.8473,41.8473,1.0748,6.0095,-1
2008-08-17 4:19,25.43,14.57,1.0612,6.8473,-1
2008-08-17 5:21,15.4555,24.5445,0.8359,5.7853,-1
2008-08-17 12:16,0.7582,19.2418,1.146,6.9346,1
2008-08-17 13:34,-12.0473,32.0473,1.049,6.2173,-1
2008-08-17 14:21,-10.2673,30.2673,1.0327,6.9559,-1
2008-08-17 15:25,1.1591,18.8409,0.882,4.6805,-1
2008-08-17 21:26,-11.8245,31.8245,1.1329,6.5442,1
2008-08-17 22:03,8.4236,31.5764,1.0782,6.6267,1
2008-08-17 22:21,18.6045,21.3955,0.7982,5.3894,-1
2008-08-17 23:04,8.9764,31.0236,1.0847,7.21,1
2008-08-17 23:20,0.7218,19.2782,1.1159,5.5653,-1
2008-08-17 23:55,-1.42,21.42,0.8235,5.5261,1
2008-08-18 0:02,9.2082,30.7918,1.0948,7.4859,1
2008-08-18 0:20,12.1609,27.8391,1.0483,5.2441,-1
2008-08-18 1:23,8.5273,31.4727,1.0015,7.1261,1
2008-08-18 4:01,17.1745,22.8255,0.8369,5.6644,1
2008-08-18 4:12,5.7855,14.2145,0.9136,6.5888,-1
2008-08-18 4:35,14.4382,25.5618,0.9949,6.2029,-1
2008-08-18 5:03,11.6964,28.3036,1.0823,5.9622,-1
2008-08-18 5:25,18.0545,21.9455,1.0418,5.7205,-1
2008-08-18 6:07,20.7055,19.2945,1.0432,8.0933,-1
2008-08-18 6:11,1.1273,18.8727,1.1219,5.7546,-1
2008-08-18 6:26,16.4073,23.5927,1.078,6.5608,-1
2008-08-18 7:11,5.4018,14.5982,0.8755,5.6569,-1
2008-08-18 7:23,26.8609,13.1391,1.1084,6.26,-1
2008-08-18 7:29,23.7709,16.2291,1.0771,6.1542,-1
2008-08-18 8:18,-0.84,20.84,0.9762,8.5081,-1
2008-08-18 8:31,25.4264,14.5736,1.0354,5.7385,-1
2008-08-18 10:13,26.6136,13.3864,1.0748,5.8299,-1
2008-08-18 11:04,-6.5391,26.5391,1.174,7.156,-1
2008-08-18 12:00,0.1518,19.8482,1.1679,5.7447,-1
2008-08-18 12:06,2.8245,17.1755,1.092,6.5143,-1
2008-08-18 12:22,12.1818,27.8182,1.3555,6.1568,-1
2008-08-18 12:49,19.5609,20.4391,1.1673,6.0301,-1
2008-08-18 13:07,-1.1609,21.1609,1.0167,5.6007,-1
2008-08-18 14:01,18.63,21.37,1.1514,5.0167,-1
2008-08-18 14:04,20.7118,19.2882,0.9765,6.0402,-1
2008-08-18 14:45,-11.9682,31.9682,1.0188,7.0192,-1
2008-08-18 15:00,16.8445,23.1555,0.8042,5.3209,-1
2008-08-18 15:26,14.0382,25.9618,0.9844,6.1902,-1
2008-08-18 15:30,28.4009,11.5991,1.0786,5.3926,-1
2008-08-18 15:33,22.1827,17.8173,1.0649,6.0206,-1
2008-08-18 15:41,9.1882,30.8118,1.0739,5.9011,-1
2008-08-18 16:19,1.5018,18.4982,0.8499,4.9503,-1
2008-08-18 17:13,16.0155,23.9845,1.0151,6.8713,1
2008-08-18 17:16,2.5027,17.4973,0.9328,5.1598,-1
2008-08-18 17:37,87.0391,32.896,6363.6566,90.5159,-1
2008-08-18 19:24,0.7591,19.2409,1.0872,5.1952,-1
2008-08-18 19:54,9.8782,30.1218,0.994,7.3143,1
2008-08-18 23:00,15.6791,24.3209,1.1141,6.1856,-1
2008-08-18 23:03,16.2418,23.7582,0.9783,6.6201,-1
2008-08-18 23:47,10.3745,29.6255,1.3875,6.7009,-1
2008-08-19 1:10,2.5045,17.4955,0.9541,5.9798,-1
2008-08-19 3:59,24.14,15.86,0.9737,5.2281,1
2008-08-19 4:58,23.7109,16.2891,1.0751,5.5113,-1
2008-08-19 5:09,5.78,14.22,0.9285,5.8918,-1
2008-08-19 5:11,-0.18,20.18,1.0821,5.8251,-1
2008-08-19 5:11,-8.6082,28.6082,1.0724,7.4732,-1
2008-08-19 5:40,22.7173,17.2827,1.0923,5.1827,-1
2008-08-19 5:41,20.0236,19.9764,1.1194,6.7781,-1
2008-08-19 5:53,17.9782,22.0218,1.1538,5.2426,-1
2008-08-19 5:54,17.7327,22.2673,1.1102,6.6204,-1
2008-08-19 5:56,1.3718,38.6282,1.3887,5.7126,1
2008-08-19 6:24,2.0373,17.9627,1.1089,5.6306,-1
2008-08-19 7:43,1.4218,18.5782,1.0109,6.9531,-1
2008-08-19 7:58,22.4382,17.5618,1.4559,5.5928,1
2008-08-19 8:01,14.9018,25.0982,1.1306,6.3232,-1
2008-08-19 8:07,4.4391,15.5609,0.855,5.6791,-1
2008-08-19 8:33,-15.31,35.31,1.1008,5.3009,-1
2008-08-19 9:04,27.3227,12.6773,1.0227,5.2108,-1
2008-08-19 9:05,2.78,17.22,0.811,4.8753,-1
2008-08-19 10:46,18.1782,21.8218,1.0491,5.516,-1
2008-08-19 11:11,22.3736,17.6264,0.9991,5.8108,-1
2008-08-19 11:13,24.4791,15.5209,1.0831,6.4172,-1
2008-08-19 11:13,20.7209,19.2791,1.1358,6.0744,-1
2008-08-19 11:28,6.2045,13.7955,0.9854,6.6698,-1
2008-08-19 11:44,6.9082,33.0918,0.9619,5.1445,-1
2008-08-19 11:46,23.2655,16.7345,1.1056,5.5627,-1
2008-08-19 11:57,-7.8309,27.8309,1.1073,6.4698,-1
2008-08-19 11:58,0.5373,19.4627,1.1035,5.285,-1
2008-08-19 12:30,3.1136,36.8864,1.1254,6.8087,-1
2008-08-19 15:33,25.1891,14.8109,1.1711,5.2152,-1
2008-08-19 18:12,1.23,18.77,0.9903,5.3767,-1
2008-08-19 18:12,13.5955,26.4045,1.0638,5.9753,-1
2008-08-19 18:30,-2.9273,22.9273,0.895,6.7904,-1
2008-08-19 18:30,13.3745,26.6255,1.0465,6.4138,-1
2008-08-19 19:38,27.4627,12.5373,1.1733,6.0549,-1
2008-08-19 20:53,4.9991,15.0009,1.0013,6.3279,-1
2008-08-20 0:05,1.9145,18.0855,1.0351,5.7042,-1
2008-08-20 1:33,9.5927,10.4073,0.9682,6.4422,-1
2008-08-20 1:42,1.8182,18.1818,1.0356,5.4658,-1
2008-08-20 2:13,22.6936,17.3064,1.1643,5.7135,-1
2008-08-20 2:27,19.1027,20.8973,1.0998,7.3107,1
2008-08-20 3:00,3.3055,16.6945,0.9543,4.9886,-1
2008-08-20 3:12,13.6809,26.3191,1.0601,6.1303,1
2008-08-20 6:36,26.9136,13.0864,1.1617,6.4535,-1
2008-08-20 7:12,0.1427,19.8573,0.8541,5.8256,-1
2008-08-20 8:40,14.75,25.25,1.096,5.7388,1
2008-08-20 9:17,8.0955,11.9045,1.0383,5.5291,1
2008-08-20 10:26,0.8873,19.1127,0.8556,5.6358,-1
2008-08-20 16:08,1.77,18.23,0.9986,3.7135,-1
2008-08-20 16:16,21.1082,18.8918,1.1361,5.7274,-1
2008-08-20 17:09,4.6327,15.3673,1.0403,5.8151,-1
2008-08-20 17:35,10.7709,29.2291,0.9964,5.1089,-1
2008-08-20 17:36,4.4155,15.5845,1.1258,5.1894,-1
2008-08-20 18:29,4.4091,15.5909,0.9427,5.3597,-1
2008-08-20 18:35,-10.37,30.37,0.884,6.5828,-1
2008-08-20 19:20,5.8091,34.1909,0.9081,5.0817,1
2008-08-20 20:19,2.0664,17.9336,0.9256,5.4856,-1
2008-08-20 21:33,-0.2173,20.2173,1.0236,5.977,-1
2008-08-20 21:41,4.97,15.03,0.8774,5.5644,-1
2008-08-20 21:58,1.4036,18.5964,1.51,5.6114,-1
2008-08-20 22:13,2.9536,17.0464,1.0551,6.3885,-1
2008-08-20 22:45,-0.5691,20.5691,1.0684,5.6422,-1
2008-08-20 23:18,5.8727,14.1273,1.1095,6.7067,-1
2008-08-20 23:43,14.0673,25.9327,1.0262,6.7743,1
2008-08-21 2:11,-5.6018,25.6018,1.0015,5.5704,-1
2008-08-21 2:46,2.0009,17.9991,1.0257,5.8088,-1
2008-08-21 4:22,20.81,19.19,1.1448,5.6826,-1
2008-08-21 4:29,-5.9045,25.9045,0.9785,6.5953,-1
2008-08-21 5:06,-0.3264,20.3264,1.0957,5.9503,-1
2008-08-21 5:15,4.3055,15.6945,0.9144,4.999,-1
2008-08-21 6:10,5.0809,34.9191,1.0126,6.1312,1
2008-08-21 11:22,6.3364,13.6636,1.0872,5.3105,-1
2008-08-21 12:00,3.1418,16.8582,0.837,5.4138,-1
2008-08-21 12:31,22.1027,17.8973,1.0546,5.6227,-1
2008-08-21 12:33,-0.8891,20.8891,0.9698,6.8131,-1
2008-08-21 12:43,-6.8555,26.8555,1.0084,6.6844,-1
2008-08-21 12:52,2.1473,17.8527,1.1273,6.7452,-1
2008-08-21 13:11,-8.4836,28.4836,0.9339,6.6425,-1
2008-08-21 13:19,3.9382,16.0618,0.8183,4.9504,-1
2008-08-21 13:29,-0.2618,20.2618,0.9436,7.9576,-1
2008-08-21 13:45,-2.7936,22.7936,0.8246,5.6451,-1
2008-08-21 14:47,9.8518,30.1482,0.9971,6.1526,-1
2008-08-21 15:05,3.8936,16.1064,1.1167,5.8327,-1
2008-08-21 15:06,-5.9236,25.9236,1.0303,7.5999,-1
2008-08-21 15:32,4.0991,15.9009,1.0249,5.8606,-1
2008-08-21 15:48,6.3436,13.6564,0.9925,5.1468,-1
2008-08-21 15:50,0.31,19.69,1.0529,5.5951,-1
2008-08-21 16:19,28.5145,11.4855,1.1199,6.4557,1
2008-08-21 16:36,4.0209,15.9791,1.0639,5.1666,-1
2008-08-21 17:25,3.2182,16.7818,1.0603,6.0348,-1
2008-08-21 17:44,14.3891,25.6109,1.0401,5.8395,-1
2008-08-21 18:04,6.2455,13.7545,0.8096,5.1982,-1
2008-08-21 18:05,3.7982,16.2018,1.0967,5.504,1
2008-08-21 18:39,-1.9555,21.9555,1.1424,7.9605,-1
2008-08-21 18:53,-10.6036,30.6036,0.9926,5.8336,-1
2008-08-21 19:12,3.88,16.12,0.814,6.0288,-1
2008-08-21 19:12,5.7945,14.2055,1.003,7.8124,-1
2008-08-21 19:46,0.8018,19.1982,1.0838,5.6491,-1
2008-08-21 20:19,10.8955,29.1045,1.0845,6.1921,-1
2008-08-21 20:21,15.2791,24.7209,1.1636,6.6792,-1
2008-08-21 20:37,18.7173,21.2827,1.1315,6.2778,-1
2008-08-21 21:32,3.3955,16.6045,0.8867,6.281,-1
2008-08-21 22:25,0.1227,19.8773,1.118,5.3139,-1
2008-08-21 22:41,3.5336,16.4664,1.0258,6.2528,-1
2008-08-21 23:08,-5.3355,25.3355,1.1709,7.9483,-1
2008-08-21 23:27,1.4355,18.5645,1.1026,5.0647,-1
2008-08-21 23:53,7.3918,32.6082,1.1265,5.7851,-1
2008-08-21 23:57,4.8018,15.1982,0.8743,6.4182,-1
2008-08-22 0:43,-7.4155,27.4155,0.9921,8.6899,-1
2008-08-22 0:44,0.0945,19.9055,1.1265,5.4999,-1
2008-08-22 0:47,8.9073,31.0927,1.126,6.5892,-1
2008-08-22 1:04,5.0473,14.9527,0.9471,6.1326,1
2008-08-22 1:26,26.1536,13.8464,1.0738,6.3672,-1
2008-08-22 1:27,-2.9973,22.9973,1.0754,5.7972,-1
2008-08-22 1:54,-5.6473,25.6473,1.0361,6.7812,-1
2008-08-22 2:01,-1.2182,21.2182,1.0496,6.1023,-1
2008-08-22 2:25,1.2264,18.7736,0.8228,5.8473,-1
2008-08-22 2:52,2.8355,17.1645,1.0304,6.8194,-1
2008-08-22 3:18,5.9073,14.0927,0.7965,5.0158,-1
2008-08-22 3:58,4.5027,15.4973,0.9695,5.7124,-1
2008-08-22 4:40,3.2591,16.7409,0.852,5.5702,-1
2008-08-22 4:57,4.1509,15.8491,0.9758,4.9116,-1
2008-08-22 5:21,4.4564,15.5436,0.8245,4.8963,-1
2008-08-22 5:31,0.4591,19.5409,0.9548,5.7397,-1
2008-08-22 5:32,-1.0773,21.0773,0.9575,5.6786,-1
2008-08-22 6:00,10.9955,29.0045,1.0861,7.2218,1
2008-08-22 7:04,2.0064,17.9936,1.0363,6.3581,-1
2008-08-22 7:17,18.4,21.6,1.2568,7.1727,-1
2008-08-22 7:27,0.3036,19.6964,1.0716,6.1009,-1
2008-08-22 9:29,22.7636,17.2364,1.0224,4.6907,-1
2008-08-22 9:29,6.1527,13.8473,1.0085,5.3797,-1
2008-08-22 10:01,20.2627,19.7373,1.1671,6.3872,-1
2008-08-22 10:18,-3.09,23.09,1.1151,5.9458,-1
2008-08-22 10:47,1.9855,18.0145,1.0569,8.3661,-1
2008-08-22 11:32,8.3018,11.6982,0.9134,4.4129,-1
2008-08-22 12:13,2.9964,17.0036,0.88,5.4066,-1
2008-08-22 12:37,4.5645,15.4355,0.9579,6.6613,-1
2008-08-22 12:42,1.14,18.86,1.0699,5.1683,-1
2008-08-22 13:22,8.8173,11.1827,0.9875,6.1392,-1
2008-08-22 14:45,2.4345,17.5655,1.0735,6.333,-1
2008-08-22 15:25,-28.9882,48.9882,1.0133,5.9381,-1
2008-08-22 15:39,6.6,13.4,1.0508,6.4192,-1
2008-08-22 15:54,25.2736,14.7264,1.1188,6.3608,-1
2008-08-22 19:14,-5.7182,25.7182,1.0435,6.1371,1
2008-08-22 23:46,-1.4345,21.4345,1.1383,7.4183,-1
2008-08-22 23:47,-0.3327,20.3327,1.2731,5.2185,-1
2008-08-22 23:49,0.5682,19.4318,0.9976,6.59,-1
2008-08-22 23:56,2.9518,17.0482,1.0652,5.9105,-1
2008-08-23 2:04,7.7727,12.2273,1.0222,5.0069,-1
2008-08-23 3:26,2.75,17.25,1.061,5.8109,-1
2008-08-23 4:50,15.81,24.19,1.059,6.3976,-1
2008-08-23 4:52,3.4882,16.5118,1.0971,5.6231,-1
2008-08-23 5:57,1.2673,18.7327,1.0703,6.0671,-1
2008-08-23 5:57,4.7864,15.2136,1.1176,6.5053,-1
2008-08-23 5:58,14.7345,25.2655,1.0845,6.5944,-1
2008-08-23 5:58,-8.3955,28.3955,1.0426,6.3703,-1
2008-08-23 9:24,1.2209,18.7791,1.0394,6.832,-1
2008-08-23 12:58,1.0345,18.9655,1.4866,4.4806,-1
2008-08-23 13:02,1.0636,18.9364,1.2879,5.5584,-1
2008-08-23 15:10,1.6173,18.3827,1.3364,6.1041,-1
2008-08-23 15:29,2.4173,17.5827,0.9676,6.5495,1
2008-08-24 2:32,-7.1564,27.1564,0.7836,4.9524,-1
2008-08-24 4:00,0.6991,19.3009,1.3103,6.1394,-1
2008-08-24 7:12,2.5964,17.4036,1.0522,5.4862,-1
2008-08-24 7:14,-0.4091,20.4091,0.9721,8.9785,-1
2008-08-24 10:09,-5.0245,25.0245,0.7652,5.856,-1
2008-08-24 10:14,-0.7236,20.7236,1.1311,6.4069,-1
2008-08-24 13:03,1.9482,38.0518,1.1048,6.5241,1
2008-08-25 9:29,1.3255,18.6745,1.0125,6.2835,-1
2008-08-27 0:46,-6.8627,26.8627,0.8749,5.6494,-1
2008-08-27 11:38,7.0591,12.9409,0.9948,4.9517,-1
2008-08-27 12:22,2.2118,17.7882,1.0561,6.3349,-1
2008-08-27 13:35,7.9373,12.0627,1.0125,5.2483,-1
2008-08-27 14:18,0.8745,19.1255,1.0405,4.4648,-1
2008-08-27 17:14,3.99,16.01,1.0563,5.6747,-1
2008-08-27 22:48,4.4455,15.5545,1.0287,5.1154,-1
2008-08-27 22:58,168.1455,34.17,7272.8283,82.0817,-1
2008-08-28 3:03,-0.2845,20.2845,0.8806,6.8021,-1
2008-08-28 3:04,2.0609,17.9391,1.0412,7.461,-1
2008-08-28 3:29,1.7373,18.2627,1.0265,5.82,-1
2008-08-28 3:38,3.1191,16.8809,0.8723,6.3776,-1
2008-08-28 3:45,0.2818,19.7182,0.9275,5.8603,-1
2008-08-28 4:10,4.06,15.94,0.8572,5.519,-1
2008-08-28 4:20,-0.3182,20.3182,1.1204,6.7,-1
2008-08-28 4:54,-0.0636,20.0636,1.0996,4.8128,-1
2008-08-28 5:00,36.3682,16.63,3637.0928,25.9011,-1
2008-08-28 6:15,1.0291,18.9709,1.0115,5.9362,-1
2008-08-28 6:39,1.9591,18.0409,1.0507,6.031,-1
2008-08-28 6:56,1.6373,18.3627,0.876,6.6062,-1
2008-08-28 7:40,-1.2209,21.2209,0.9133,8.2599,-1
2008-08-28 7:51,8.8445,11.1555,0.8309,5.782,-1
2008-08-28 8:41,-1.1255,21.1255,1.0472,5.4241,-1
2008-08-28 9:46,2.9409,17.0591,1.1054,6.0334,-1
2008-08-28 9:49,-4.4845,24.4845,0.9094,7.6726,-1
2008-08-28 10:15,8.1418,11.8582,1.0197,6.6735,-1
2008-08-28 10:28,9.4864,30.5136,1.0528,5.46,-1
2008-08-28 10:32,-7.5073,27.5073,1.0824,5.389,-1
2008-08-28 11:19,3.8264,16.1736,0.9543,5.7005,-1
2008-08-28 12:44,10.2355,9.7645,0.9617,8.0024,-1
2008-08-28 14:48,1.0218,18.9782,1.1275,5.3563,-1
2008-08-28 15:19,3.8664,16.1336,1.0518,6.6532,-1
2008-08-28 16:01,-6.0545,26.0545,0.8051,6.7218,-1
2008-08-28 16:43,2.8745,17.1255,0.8803,6.5157,-1
2008-08-28 16:52,-0.81,20.81,0.8527,5.8458,-1
2008-08-28 17:21,8.1445,11.8555,0.9266,3.7535,-1
2008-08-28 17:27,11.4855,8.5145,0.9835,6.916,-1
2008-08-28 17:32,1.4745,18.5255,0.9878,5.5696,-1
2008-08-28 18:05,2.0127,17.9873,1.1195,6.3142,-1
2008-08-28 18:10,0.91,19.09,1.1364,7.0809,-1
2008-08-28 18:15,-1.5118,21.5118,1.1368,7.3296,-1
2008-08-28 18:25,0.9091,19.0909,1.4874,5.5027,-1
2008-08-28 18:47,0.6191,19.3809,1.0077,5.3163,-1
2008-08-28 18:57,3.3655,16.6345,0.8461,5.6286,-1
2008-08-28 20:20,-2.63,22.63,1.1155,5.8483,-1
2008-08-28 20:39,1.0045,18.9955,1.1427,6.3728,1
2008-08-28 21:03,1.1527,18.8473,1.0506,5.1233,-1
2008-08-28 21:52,0.2055,19.7945,1.0616,5.7926,-1
2008-08-28 22:57,-3.8982,23.8982,0.8903,6.2171,-1
2008-08-28 23:40,3.2764,16.7236,1.1264,6.8177,-1
2008-08-28 23:42,-4.0373,24.0373,0.8932,6.479,-1
2008-08-29 0:49,0.1618,19.8382,1.0917,7.4842,-1
2008-08-29 1:06,-3.9436,23.9436,1.0259,8.0665,-1
2008-08-29 2:38,-1.2518,21.2518,1.0866,6.1303,-1
2008-08-29 2:39,1.3664,18.6336,1.0705,4.669,-1
2008-08-29 3:27,5.65,14.35,1.0309,4.4345,-1
2008-08-29 3:33,7.8264,12.1736,0.82,6.0202,-1
2008-08-29 3:46,-1.1927,21.1927,1.119,5.9522,-1
2008-08-29 4:55,5.4991,14.5009,0.9982,6.9388,1
2008-08-29 4:56,-0.0309,20.0309,0.9976,5.3741,-1
2008-08-29 5:16,0.5091,19.4909,0.957,5.942,-1
2008-08-29 5:54,,,0.918,6.1004,-1
2008-08-29 5:54,,,,,-1
2008-08-29 5:57,0.5755,19.4245,1.0268,4.7923,-1
2008-08-29 5:57,0.2573,19.7427,0.9806,6.7435,-1
2008-08-29 6:35,9.2827,10.7173,1.037,5.3034,-1
2008-08-29 6:37,-1.0482,21.0482,1.0331,5.8556,-1
2008-08-29 6:40,5.6309,14.3691,0.9084,4.8846,-1
2008-08-29 6:45,13.3709,6.6291,1.0371,5.6107,1
2008-08-29 6:54,5.1736,14.8264,1.0346,5.8842,-1
2008-08-29 7:18,4.8373,15.1627,0.8726,5.3702,-1
2008-08-29 7:22,6.3691,13.6309,1.0019,3.7433,-1
2008-08-29 7:24,0.2818,19.7182,1.0649,7.9345,-1
2008-08-29 7:33,-0.8964,20.8964,0.9738,6.5392,-1
2008-08-29 7:33,-0.1745,20.1745,1.0968,6.5724,-1
2008-08-29 8:10,7.0709,12.9291,0.9701,6.4359,-1
2008-08-29 8:20,0.4545,19.5455,0.9816,6.4585,-1
2008-08-29 8:41,2.2518,17.7482,0.8885,6.5017,-1
2008-08-29 8:45,0.9991,19.0009,0.9347,6.5109,-1
2008-08-29 12:21,2.3691,17.6309,0.9947,5.1378,-1
2008-08-29 12:22,3.43,16.57,0.8641,5.5002,-1
2008-08-29 12:37,2.3755,17.6245,0.9892,6.3977,-1
2008-08-29 13:04,1.1682,18.8318,0.8983,5.288,-1
2008-08-29 13:14,0.1691,19.8309,1.1275,7.165,-1
2008-08-29 13:27,2.6491,17.3509,0.8697,5.8527,-1
2008-08-29 13:49,3.1382,16.8618,0.9588,6.0129,-1
2008-08-29 14:11,4.4364,15.5636,1.0693,7.2543,-1
2008-08-29 14:18,2.1045,17.8955,1.018,8.8458,-1
2008-08-29 14:30,3.9818,16.0182,1.0984,5.2121,-1
2008-08-29 15:01,2.8182,17.1818,0.9786,6.5395,-1
2008-08-29 15:43,-0.1209,20.1209,1.0146,6.5448,-1
2008-08-29 16:26,1.1782,18.8218,1.5175,6.0913,-1
2008-08-29 20:21,0.1664,19.8336,1.1113,5.9931,-1
2008-08-29 20:49,4.92,15.08,0.8304,5.8244,-1
2008-08-29 21:25,-1.3227,21.3227,0.9656,6.2136,-1
2008-08-29 21:46,-0.7845,20.7845,0.8873,5.6904,-1
2008-08-29 21:54,0.2655,19.7345,0.9688,5.5041,-1
2008-08-29 22:11,-3.6855,23.6855,0.9915,5.5412,-1
2008-08-29 22:45,-1.7609,21.7609,0.9017,7.5572,-1
2008-08-29 22:49,2.9691,17.0309,0.8996,5.7803,-1
2008-08-29 22:56,-1.7982,21.7982,1.1234,5.5143,-1
2008-08-30 0:01,-0.3736,20.3736,0.921,5.5989,-1
2008-08-30 0:05,4.9073,15.0927,0.8336,6.5183,-1
2008-08-30 0:57,1.49,18.51,0.9173,6.1302,-1
2008-08-30 1:29,3.2491,16.7509,0.8567,5.8033,-1
2008-08-30 2:08,-1.0927,21.0927,0.987,6.1599,-1
2008-08-30 2:22,0.2536,19.7464,0.9113,5.8989,-1
2008-08-30 2:32,-0.7036,20.7036,0.9847,3.7569,-1
2008-08-30 2:39,3.73,16.27,1.0201,4.3927,-1
2008-08-30 2:50,-0.4173,20.4173,0.9373,6.3193,-1
2008-08-30 3:10,1.4464,18.5536,0.9854,6.6481,-1
2008-08-30 4:20,4.8364,15.1636,0.9296,7.9875,-1
2008-08-30 4:24,-2.6655,22.6655,0.9145,6.0995,-1
2008-08-30 4:55,-0.3455,20.3455,0.8869,6.468,-1
2008-08-30 5:05,-6.6055,26.6055,1.0518,5.7286,-1
2008-08-30 5:05,-0.0191,20.0191,0.8615,5.5394,-1
2008-08-30 5:38,1.4845,18.5155,0.9583,5.3697,-1
2008-08-30 5:51,8.9864,11.0136,0.8097,5.1267,-1
2008-08-30 7:50,-0.95,20.95,0.9615,4.843,-1
2008-08-30 7:54,2.8618,17.1382,1.0149,7.2101,-1
2008-08-30 8:10,-2.0764,22.0764,0.8786,6.5522,-1
2008-08-30 8:29,3.36,16.64,0.9857,5.5034,-1
2008-08-30 8:42,4.0427,15.9573,1.0437,6.4518,-1
2008-08-30 8:53,2.8618,17.1382,1.0717,6.6293,-1
2008-08-30 9:13,-1.9909,21.9909,0.946,5.889,-1
2008-08-30 9:37,0.7655,19.2345,0.8485,6.1807,-1
2008-08-30 9:45,1.9245,18.0755,1.1641,5.7777,1
2008-08-30 10:15,-0.1973,20.1973,1.785,5.3674,-1
2008-08-30 10:16,-1.9855,21.9855,0.8628,7.6722,-1
2008-08-30 11:12,2.4718,17.5282,0.9398,5.9995,-1
2008-08-30 11:14,3.7127,16.2873,1.3572,4.5788,-1
2008-08-30 11:18,-0.66,20.66,1.0678,6.4813,-1
2008-08-30 11:57,-1.0573,21.0573,1.1229,6.0415,-1
2008-08-30 14:10,11.2909,8.7091,0.9051,4.8826,1
2008-08-30 14:23,-1.9573,21.9573,1.0361,6.3184,-1
2008-08-30 14:37,-0.4482,20.4482,0.9389,5.87,-1
2008-08-30 15:06,-3.9318,23.9318,0.9824,5.6304,-1
2008-08-30 15:16,-2.3355,22.3355,0.8862,5.4654,-1
2008-08-30 15:37,-0.2173,20.2173,0.8595,5.3101,-1
2008-08-30 15:50,-0.6464,20.6464,0.9869,5.4118,-1
2008-08-30 15:57,7.24,12.76,0.9825,6.5586,-1
2008-08-30 16:24,-2.8818,22.8818,1.6745,5.9451,-1
2008-08-30 17:05,-0.9409,20.9409,0.9277,6.3803,-1
2008-08-30 17:49,2.2855,17.7145,1.5497,6.3965,-1
2008-08-30 19:21,0.7227,19.2773,1.0078,5.9013,-1
2008-08-30 19:27,4.9073,15.0927,0.8293,5.4737,-1
2008-08-30 20:11,2.28,17.72,0.8086,5.6444,-1
2008-08-30 20:53,0.9518,19.0482,0.8905,6.3384,-1
2008-08-30 21:53,1.2836,18.7164,1.0014,7.9707,-1
2008-08-30 23:51,0.7064,19.2936,0.9829,6.4763,-1
2008-08-31 2:57,2.6873,17.3127,1.0023,4.8135,-1
2008-08-31 4:46,15.3073,24.6927,1.0772,7.5694,1
2008-08-31 5:05,7.9755,12.0245,0.9305,5.8919,-1
2008-08-31 9:11,-0.6591,20.6591,1.6711,4.6097,-1
2008-08-31 10:36,-2.4609,22.4609,0.8584,5.2889,-1
2008-08-31 10:59,1.8173,18.1827,1.0599,6.336,1
2008-08-31 10:59,-1.1391,21.1391,1.065,6.367,-1
2008-08-31 11:03,-4.1518,24.1518,0.9024,4.9313,-1
2008-08-31 15:09,-0.6936,20.6936,0.8279,5.9092,-1
2008-08-31 15:13,0.1891,19.8109,0.9114,5.5099,-1
2008-08-31 16:32,2.39,17.61,0.9237,6.3064,-1
2008-08-31 20:24,-0.9127,20.9127,0.9086,7.3373,-1
2008-08-31 21:04,0.9409,19.0591,0.8872,6.3198,-1
2008-08-31 21:46,-2.0555,22.0555,1.043,6.7788,-1
2008-08-31 21:58,-3.1455,23.1455,0.8882,6.3623,-1
2008-08-31 22:32,1.5445,18.4555,0.9176,6.1519,-1
2008-08-31 22:48,1.4373,18.5627,0.8612,3.9904,-1
2008-08-31 22:57,-6.0445,26.0445,0.8729,7.0319,-1
2008-01-09 0:01,1.3791,18.6209,0.8423,7.6048,-1
2008-01-09 0:39,-0.9618,20.9618,0.8357,5.9746,-1
2008-01-09 0:45,1.6073,18.3927,0.8472,5.7515,-1
2008-01-09 0:53,-2.5727,22.5727,0.9352,6.3577,-1
2008-01-09 5:29,3.3918,16.6082,0.8285,5.6027,-1
2008-01-09 5:32,-1.3773,21.3773,0.8626,5.8334,-1
2008-01-09 6:12,2.0336,17.9664,0.982,5.899,-1
2008-01-09 6:21,1.5755,18.4245,1.1398,5.4416,-1
2008-01-09 6:52,2.5336,17.4664,1.0324,4.9011,-1
2008-01-09 8:18,-1.7327,21.7327,0.991,5.8678,-1
2008-01-09 9:06,-5.1655,25.1655,1.1177,5.405,-1
2008-01-09 9:19,-5.0027,25.0027,0.917,6.5613,-1
2008-01-09 9:54,-1.0082,21.0082,1.021,5.8389,-1
2008-01-09 10:57,2.0591,17.9409,0.8703,5.5868,-1
2008-01-09 11:40,-0.17,20.17,1.0076,6.5334,-1
2008-01-09 16:20,-1.8791,21.8791,0.8725,6.2344,-1
2008-01-09 19:54,53.6818,42.63,6363.8013,45.4904,1
2008-01-09 20:51,2.1145,17.8855,0.8657,3.9688,-1
2008-01-09 22:05,-0.9918,20.9918,1.011,7.1095,-1
2008-01-09 23:05,-0.8045,20.8045,0.8427,5.2259,-1
2008-01-09 23:19,0.5791,19.4209,0.9849,5.698,-1
2008-01-09 23:24,-4.8145,24.8145,1.091,6.0226,-1
2008-01-09 23:28,-0.0964,20.0964,0.9089,6.0415,-1
2008-01-09 23:39,0.34,19.66,1.0114,5.5658,-1
2008-01-09 23:45,1.5127,18.4873,0.8869,5.8029,-1
2008-01-09 23:59,-19.9927,39.9927,1.4305,6.7715,-1
2008-02-09 0:26,0.0855,19.9145,0.8125,6.4836,-1
2008-02-09 0:31,3.65,16.35,1.1412,6.2589,-1
2008-02-09 0:46,5.1,14.9,0.884,5.9,-1
2008-02-09 1:09,2.4673,17.5327,0.8816,6.041,-1
2008-02-09 1:10,-2.6673,22.6673,0.8572,7.9156,-1
2008-02-09 1:10,3.8,16.2,1.0159,7.4141,-1
2008-02-09 1:36,0.3418,19.6582,0.8657,6.5613,-1
2008-02-09 1:50,0.23,19.77,0.9021,5.8961,-1
2008-02-09 2:02,-0.7482,20.7482,0.8044,5.6166,-1
2008-02-09 2:11,2.74,17.26,1.0209,6.1281,-1
2008-02-09 2:50,0.1491,19.8509,0.8536,5.5605,-1
2008-02-09 2:52,1.4982,18.5018,1.098,5.4059,-1
2008-02-09 3:33,-0.3518,20.3518,1.1028,5.9677,-1
2008-02-09 3:35,1.7991,18.2009,0.8737,3.4567,-1
2008-02-09 3:35,-1.71,21.71,0.8932,4.4808,-1
2008-02-09 4:19,2.1918,17.8082,0.8541,6.1301,-1
2008-02-09 4:22,-0.2282,20.2282,0.9912,6.2009,-1
2008-02-09 5:46,-2.7427,22.7427,0.9815,5.3404,-1
2008-02-09 6:03,1.0336,18.9664,0.8924,5.8972,-1
2008-02-09 6:19,-1.2336,21.2336,1.0787,6.0685,-1
2008-02-09 6:32,3.9309,16.0691,0.937,6.0391,-1
2008-02-09 6:48,3.1845,16.8155,1.0226,5.4035,-1
2008-02-09 7:22,3.5264,16.4736,1.0284,5.7866,-1
2008-02-09 7:32,0.8764,19.1236,0.8912,4.837,-1
2008-02-09 8:15,-1.9682,21.9682,0.9296,6.1711,-1
2008-02-09 8:54,3.2964,16.7036,0.9651,6.8895,-1
2008-02-09 9:36,4.3818,15.6182,0.7957,6.2508,-1
2008-02-09 9:37,0.5082,19.4918,0.926,4.0739,-1
2008-02-09 10:13,0.4373,19.5627,0.9806,7.1227,-1
2008-02-09 10:21,-0.6609,20.6609,0.9128,6.1958,-1
2008-02-09 10:25,2.5055,17.4945,0.8419,6.1881,-1
2008-02-09 10:33,0.4027,19.5973,1.0259,5.9262,-1
2008-02-09 11:08,-1.2973,21.2973,1.1869,6.363,-1
2008-02-09 11:22,4.4827,15.5173,0.9011,6.9342,-1
2008-02-09 11:47,0.3036,19.6964,0.928,6.6256,-1
2008-02-09 11:49,2.5718,17.4282,0.9742,6.0673,-1
2008-02-09 12:01,-0.0555,20.0555,0.9127,7.0698,-1
2008-02-09 12:17,-0.4455,20.4455,1.029,5.7967,-1
2008-02-09 12:26,-1.1582,21.1582,0.9971,6.8665,-1
2008-02-09 12:30,-0.4073,20.4073,1.109,6.5204,-1
2008-02-09 12:44,0.1155,19.8845,0.95,6.172,-1
2008-02-09 13:05,-8.64,28.64,0.9874,6.015,-1
2008-02-09 13:08,3.19,16.81,0.8733,5.2253,-1
2008-02-09 13:27,-2.0836,22.0836,1.5178,5.787,-1
2008-02-09 13:40,-1.1527,21.1527,1.0084,6.6733,-1
2008-02-09 14:09,2.99,17.01,1.0008,6.3932,-1
2008-02-09 14:21,1.5582,18.4418,1.0224,6.0201,-1
2008-02-09 14:34,-0.5464,20.5464,1.0498,6.5241,-1
2008-02-09 15:29,2.8618,17.1382,0.9687,7.1092,-1
2008-02-09 16:10,-4.4482,24.4482,1.067,6.2128,-1
2008-02-09 16:50,2.43,17.57,1.022,7.101,-1
2008-02-09 16:54,1.17,18.83,0.9038,7.491,-1
2008-02-09 16:58,-1.93,21.93,0.9049,6.3196,-1
2008-02-09 17:10,2.6373,17.3627,1.0692,5.9883,-1
2008-02-09 17:18,3.4827,16.5173,1.0626,6.0068,-1
2008-02-09 18:38,2.0173,17.9827,1.0507,5.886,-1
2008-02-09 18:52,1.5527,18.4473,0.9362,6.0769,-1
2008-02-09 19:18,-8.6982,28.6982,0.9744,5.8923,-1
2008-02-09 20:18,-2.3391,22.3391,0.7827,6.1416,-1
2008-02-09 20:52,4.1782,15.8218,0.9039,6.9379,-1
2008-02-09 20:58,4.1455,15.8545,1.053,7.0719,-1
2008-02-09 20:59,4.0555,15.9445,1.458,6.7398,-1
2008-03-09 0:18,1.54,18.46,0.8458,8.2509,-1
2008-03-09 0:45,2.8627,17.1373,1.1063,7.1372,-1
2008-03-09 0:58,1.7755,18.2245,0.8175,6.1173,-1
2008-03-09 1:15,16.6491,17.239,1.8028,32.139,1
2008-03-09 1:32,1.9255,18.0745,1.0438,4.5188,-1
2008-03-09 4:18,-1.3727,21.3727,1.0383,5.5594,-1
2008-03-09 6:26,2.6218,17.3782,0.8518,6.764,-1
2008-03-09 9:38,-0.7782,20.7782,1.0715,5.6248,-1
2008-03-09 14:24,-0.3918,20.3918,1.0641,5.1255,-1
2008-03-09 14:29,-0.9691,20.9691,1.1428,6.3219,-1
2008-03-09 17:22,5.0955,14.9045,0.8603,5.356,-1
2008-03-09 18:16,-1.1173,21.1173,0.8979,6.14,-1
2008-03-09 18:16,3.3364,16.6636,0.8894,6.4312,-1
2008-03-09 20:00,0.9827,19.0173,0.8967,6.1635,-1
2008-03-09 20:10,-0.6727,20.6727,1.0432,6.7548,-1
2008-04-09 8:01,-0.7891,20.7891,1.1188,6.5363,-1
2008-04-09 8:22,1.7618,18.2382,1.0579,6.6561,-1
2008-04-09 8:33,2.4582,17.5418,0.9267,6.2919,-1
2008-04-09 8:41,2.9373,17.0627,1.1253,5.6155,-1
2008-04-09 8:53,1.9491,18.0509,1.0541,6.1523,-1
2008-04-09 11:50,-1.4191,21.4191,1.0863,5.7491,-1
2008-04-09 14:09,0.2527,19.7473,1.0987,5.4162,-1
2008-04-09 14:11,1.5927,18.4073,0.9524,6.9776,-1
2008-04-09 14:48,1.1845,18.8155,1.0162,6.5611,-1
2008-04-09 16:30,-1.5764,21.5764,1.0787,5.3451,-1
2008-04-09 16:41,-0.2718,20.2718,1.1279,6.2289,-1
2008-04-09 16:56,-2.0291,22.0291,1.0801,6.7964,-1
2008-04-09 17:30,3.5355,16.4645,1.0794,5.8754,-1
2008-05-09 15:30,0.8236,19.1764,1.0777,5.4428,-1
2008-05-09 21:48,-2.5836,22.5836,1.054,6.0923,-1
2008-07-09 0:08,3.4491,16.5509,0.9758,6.0675,-1
2008-07-09 0:12,1.0518,18.9482,0.9387,5.0559,-1
2008-07-09 0:49,3.4391,16.5609,1.0388,5.44,-1
2008-07-09 10:52,-1.89,21.89,1.1046,5.7668,-1
2008-07-09 12:04,1.1627,18.8373,0.9325,5.8142,-1
2008-07-09 12:20,-0.3236,20.3236,1.0326,5.8063,-1
2008-07-09 13:02,2.1645,17.8355,1.0068,5.9543,-1
2008-07-09 18:02,-1.9891,21.9891,1.0584,6.1626,-1
2008-07-09 18:24,-0.2482,20.2482,1.0753,5.9271,-1
2008-07-09 18:49,-1.6436,21.6436,1.1233,5.4539,-1
2008-07-09 19:29,5.1773,14.8227,1.0894,7.0103,-1
2008-07-09 19:31,5.8045,14.1955,1.104,6.1317,-1
2008-07-09 20:12,-2.3691,22.3691,1.071,5.8654,-1
2008-07-09 20:50,5.9491,14.0509,0.9524,6.0155,-1
2008-07-09 23:33,5.4964,14.5036,0.9776,5.6098,-1
2008-08-09 0:32,4.1464,15.8536,1.115,6.7179,-1
2008-08-09 0:40,3.8164,16.1836,1.0935,7.1491,-1
2008-08-09 1:24,2.7582,17.2418,0.925,5.3426,-1
2008-08-09 3:32,-3.0355,23.0355,1.0683,6.1749,-1
2008-08-09 3:48,-1.0991,21.0991,1.0624,6.288,-1
2008-08-09 4:21,-0.9045,20.9045,1.0334,6.0555,-1
2008-08-09 6:37,0.0282,19.9718,1.1199,5.8121,-1
2008-08-09 7:14,-2.1173,22.1173,1.1049,5.4339,-1
2008-08-09 7:41,-3.1518,23.1518,1.0414,6.8571,-1
2008-08-09 18:46,-1.4173,21.4173,1.0728,7.4149,-1
2008-08-09 19:14,0.8536,19.1464,1.1973,6.4876,-1
2008-08-09 19:15,-0.1391,20.1391,1.0754,5.3678,-1
2008-08-09 19:25,-1.9982,21.9982,1.0101,5.2062,-1
2008-08-09 19:33,0.5564,19.4436,1.4991,5.4677,-1
2008-08-09 20:00,-0.2418,20.2418,1.1254,6.5202,-1
2008-08-09 21:36,-1.7136,21.7136,1.0885,6.6083,-1
2008-08-09 21:53,-1.3073,21.3073,1.0638,5.1943,-1
2008-08-09 22:17,0.8827,19.1173,1.0414,5.6029,-1
2008-09-09 0:25,3.2655,16.7345,1.121,6.9903,-1
2008-09-09 3:53,1.0673,18.9327,1.0968,7.5133,-1
2008-09-09 8:44,-0.1773,20.1773,1.0956,6.0429,-1
2008-10-09 7:26,3.0791,16.9209,1.1261,5.6446,-1
2008-10-09 9:21,3.6664,16.3336,1.006,5.8527,-1
2008-10-09 20:52,4.0555,15.9445,0.7993,6.6404,-1
2008-10-09 20:53,-3.2082,23.2082,1.0674,6.9359,-1
2008-10-09 21:56,-2.1182,22.1182,1.0906,5.3225,-1
2008-10-09 23:30,0.4855,19.5145,1.068,5.5427,-1
2008-10-09 23:43,0.3391,19.6609,1.0781,6.4945,-1
2008-11-09 0:17,1.4345,18.5655,1.0765,5.8632,-1
2008-11-09 5:20,1.8164,18.1836,1.1057,5.0993,-1
2008-11-09 6:04,0.56,19.44,0.8507,5.5469,-1
2008-11-09 7:43,-1.1427,21.1427,1.0228,7.3311,-1
2008-11-09 8:06,5.4718,14.5282,1.0979,6.0356,-1
2008-11-09 8:58,-4.6736,24.6736,0.7891,5.8972,-1
2008-11-09 9:24,1.2691,18.7309,1.0983,5.953,-1
2008-11-09 12:47,1.6309,18.3691,1.0591,5.8826,-1
2008-11-09 13:36,3.1382,16.8618,1.0773,6.3996,-1
2008-11-09 14:20,1.91,18.09,0.8095,7.3651,-1
2008-11-09 14:24,4.3955,15.6045,1.1631,6.7204,-1
2008-11-09 14:31,2.1173,17.8827,1.4519,6.1454,-1
2008-11-09 15:05,2.3855,17.6145,1.1085,5.8279,-1
2008-11-09 15:08,1.2882,18.7118,1.1004,5.5666,-1
2008-11-09 16:28,3.9027,16.0973,1.023,5.7891,-1
2008-11-09 21:13,-2.5482,22.5482,1.0513,5.3721,-1
2008-11-09 22:07,1.5218,18.4782,1.0668,6.9458,1
2008-11-09 23:10,-0.8736,20.8736,1.0828,5.8763,-1
2008-11-09 23:48,1.7073,18.2927,1.0656,6.6664,1
2008-12-09 5:11,2.1982,17.8018,1.0897,7.3597,-1
2008-12-09 5:55,2.4218,17.5782,1.0805,5.6915,-1
2008-12-09 6:38,4.9555,15.0445,0.852,6.6861,-1
2008-12-09 6:41,1.8709,18.1291,1.0922,5.709,-1
2008-12-09 6:45,0.7355,19.2645,1.1152,7.4521,-1
2008-12-09 7:21,1.2809,18.7191,1.1194,5.9359,-1
2008-12-09 7:29,5.5318,14.4682,0.8897,5.3633,-1
2008-12-09 7:38,-3.1227,23.1227,1.0689,6.2245,-1
2008-12-09 11:57,6.1855,13.8145,1.4981,6.3048,-1
2008-12-09 13:08,1.9936,18.0064,1.129,5.3755,-1
2008-12-09 14:52,0.2436,19.7564,1.0962,6.9177,-1
2008-12-09 15:40,2.9073,17.0927,1.0613,6.6334,-1
2008-12-09 16:23,0.3491,19.6509,1.0415,7.3119,-1
2008-12-09 18:01,1.1136,18.8864,1.0586,5.6611,-1
2008-12-09 18:52,1.3009,18.6991,1.1153,5.8211,-1
2008-12-09 19:36,2.1918,17.8082,1.07,6.1525,-1
2008-12-09 20:28,,,,,-1
2008-12-09 21:12,0.1809,19.8191,1.0616,4.7216,-1
2008-12-09 22:25,0.7482,19.2518,1.0594,6.3734,-1
2008-12-09 22:45,2.5491,17.4509,1.0767,5.4276,-1
2008-12-09 23:28,-0.6645,20.6645,1.0372,5.2371,-1
2008-12-09 23:40,6.1882,13.8118,1.0908,6.5984,-1
2008-09-13 0:25,4.6209,15.3791,1.1135,6.0886,-1
2008-09-13 2:57,3.0345,16.9655,1.0219,6.4203,-1
2008-09-13 3:14,-4.2064,24.2064,0.8067,5.3571,-1
2008-09-13 9:19,6.1727,13.8273,0.8724,5.6659,-1
2008-09-13 10:55,7.3164,12.6836,1.0497,6.0344,-1
2008-09-13 11:42,4.5918,15.4082,0.7645,6.0066,-1
2008-09-13 11:56,3.2273,16.7727,1.1179,5.8195,1
2008-09-13 12:48,6.6827,13.3173,1.1093,6.5413,-1
2008-09-13 14:07,-4.6636,24.6636,0.8408,3.8935,-1
2008-09-13 16:04,3.5945,16.4055,0.7985,5.3851,-1
2008-09-13 16:04,2.4182,17.5818,1.1051,5.9317,-1
2008-09-13 20:06,4.6209,15.3791,1.0804,6.6325,1
2008-09-14 2:50,2.2336,17.7664,1.5049,6.3306,-1
2008-09-14 2:59,5.2064,14.7936,1.0921,6.9631,-1
2008-09-14 15:02,-0.5718,20.5718,0.9357,6.9142,-1
2008-09-14 15:46,7.0273,12.9727,1.0274,5.0845,-1
2008-09-14 16:34,2.1145,17.8855,0.995,5.0323,-1
2008-09-14 17:40,2.1973,17.8027,1.4794,6.0459,-1
2008-09-14 18:27,4.9118,15.0882,1.0171,5.8436,-1
2008-09-14 18:27,4.8127,15.1873,1.5099,6.2566,-1
2008-09-14 19:13,4.4445,15.5555,1.0458,5.7248,-1
2008-09-14 20:00,5.6155,14.3845,1.5244,6.17,-1
2008-09-14 20:43,2.8136,17.1864,1.0774,6.713,-1
2008-09-14 20:45,3.9527,16.0473,1.0944,5.3638,-1
2008-09-14 21:31,3.4482,16.5518,1.1114,5.8999,-1
2008-09-14 23:00,1.3445,18.6555,1.0719,7.3095,-1
2008-09-15 2:04,,,,,-1
2008-09-15 10:03,0.9591,19.0409,0.9277,6.8652,-1
2008-09-15 11:40,5.3191,14.6809,1.0066,5.1702,-1
2008-09-15 12:27,-2.1555,22.1555,0.9385,6.4923,-1
2008-09-15 16:10,1.7627,18.2373,0.988,5.9927,-1
2008-09-15 16:59,1.9273,18.0727,1.0211,6.426,-1
2008-09-15 19:54,1.2327,18.7673,1.4946,6.261,-1
2008-09-15 21:56,5.4209,14.5791,1.2826,6.7091,-1
2008-09-15 22:13,5.0818,14.9182,0.8441,6.2516,-1
2008-09-15 22:45,5.5109,14.4891,1.0483,6.663,-1
2008-09-15 22:54,-0.07,20.07,0.9747,5.5372,-1
2008-09-15 23:37,0.5609,19.4391,0.9478,6.7252,-1
2008-09-16 7:39,5.5964,16.067,1.0511,7.2396,-1
2008-09-16 7:48,5.3973,16.345,1.0643,6.9136,-1
2008-09-16 8:50,2.3182,17.6818,0.8364,5.3927,-1
2008-09-16 8:52,6.0773,13.9227,0.9241,6.5213,-1
2008-09-16 9:37,4.3136,15.6864,1.0219,6.5564,-1
2008-09-16 17:07,-2.3509,22.3509,1.0123,5.1672,-1
2008-09-16 18:09,1.1618,18.8382,0.8498,6.0339,-1
2008-09-16 18:23,0.5764,19.4236,1.0277,6.7236,-1
2008-09-16 19:34,6.8491,13.1509,1.4373,6.4075,-1
2008-09-16 19:45,-0.7245,20.7245,1.0888,6.8645,-1
2008-09-16 21:21,-0.2227,20.2227,0.9915,7.424,-1
2008-09-16 22:45,5.9155,14.0845,0.9759,6.0461,-1
2008-09-17 2:01,2.4209,17.5791,1.1001,5.7101,-1
2008-09-17 4:23,13.5518,6.4482,0.861,6.8268,1
2008-09-17 7:14,3.0945,16.9055,1.0924,7.1933,-1
2008-09-17 7:28,-1.2336,21.2336,0.942,6.2204,-1
2008-09-17 21:52,4.4409,15.5591,1.016,5.6778,-1
2008-09-18 0:57,-4.6109,24.6109,0.8932,6.1291,-1
2008-09-18 1:40,1.89,18.11,0.981,6.9115,-1
2008-09-18 1:43,0.4527,19.5473,0.9095,6.0302,-1
2008-09-18 2:01,-0.2036,20.2036,1.0135,5.7315,-1
2008-09-18 3:58,-3.7536,23.7536,0.9155,6.4902,-1
2008-09-18 3:58,-3.9045,23.9045,0.9468,6.9519,-1
2008-09-18 5:44,-2.81,22.81,1.023,6.0769,-1
2008-09-18 5:58,-2.6109,22.6109,1.0099,5.5659,-1
2008-09-18 8:04,-2.6273,22.6273,1.0687,6.14,-1
2008-09-18 10:48,5.4709,14.5291,0.9071,6.1737,-1
2008-09-18 13:48,0.5218,19.4782,1.0039,6.0367,-1
2008-09-18 17:22,4.3982,15.6018,0.9388,5.6683,-1
2008-09-18 18:12,0.5518,19.4482,1.172,5.5749,-1
2008-09-18 18:56,1.4418,18.5582,0.9181,5.6384,-1
2008-09-18 21:12,-2.5955,22.5955,1.1832,6.4585,-1
2008-09-18 21:56,-4.9018,24.9018,0.9936,5.6356,-1
2008-09-18 23:00,0.7636,19.2364,0.9986,6.7554,-1
2008-09-18 23:05,-2.7845,22.7845,0.8806,5.5803,-1
2008-09-18 23:44,-2.4709,22.4709,0.8668,6.1417,-1
2008-09-19 0:30,-3.2718,23.2718,1.0432,5.7353,-1
2008-09-19 1:57,2.1136,17.8864,0.9406,5.4943,-1
2008-09-19 2:44,3.9291,16.0709,1.1367,5.6575,-1
2008-09-19 4:42,-0.5336,20.5336,0.9851,6.3007,-1
2008-09-19 5:33,-1.1836,21.1836,1.4687,6.0081,-1
2008-09-19 5:57,5.7945,14.2055,1.2493,5.4448,-1
2008-09-19 6:01,-4.9682,24.9682,1.0246,6.1754,-1
2008-09-19 6:44,-0.9136,20.9136,1.0892,5.7433,-1
2008-09-19 7:14,-3.65,23.65,1.068,4.936,-1
2008-09-19 7:18,-2.5345,22.5345,1.0462,5.2427,-1
2008-09-19 8:08,0.86,19.14,0.9261,6.1046,-1
2008-09-19 8:52,-3.4991,23.4991,1.0218,6.4243,-1
2008-09-19 9:12,-5.2327,25.2327,0.9973,5.3708,-1
2008-09-19 9:47,-1.79,21.79,1.0242,5.9408,-1
2008-09-19 10:45,1.0309,18.9691,1.1766,5.6128,-1
2008-09-19 11:13,-4.0109,24.0109,1.0065,5.8439,-1
2008-09-19 11:54,1.4727,18.5273,0.8367,4.673,-1
2008-09-19 13:59,-1.2427,21.2427,0.8227,4.6053,-1
2008-09-19 15:31,2.4845,17.5155,0.9831,4.8625,-1
2008-09-19 16:40,0.79,19.21,0.9227,5.8276,-1
2008-09-19 16:58,5.6618,14.3382,0.7986,5.5956,1
2008-09-19 17:47,-2.4345,22.4345,0.8907,5.5507,-1
2008-09-19 18:11,-1.4027,21.4027,0.8751,6.4809,-1
2008-09-19 18:33,-4.5936,24.5936,0.8527,5.4937,-1
2008-09-19 19:18,-0.3309,20.3309,0.8802,5.8614,-1
2008-09-19 19:29,2.6718,17.3282,0.9552,5.9126,-1
2008-09-19 20:05,4.9845,16.733,1.0986,7.7125,-1
2008-09-19 20:07,-3.4445,23.4445,0.9073,5.6542,-1
2008-09-19 20:10,2.2855,17.7145,0.9345,5.6013,-1
2008-09-19 20:17,22.4673,21.38,0.9463,6.5788,-1
2008-09-19 20:19,6.5645,13.4355,0.8975,6.2348,1
2008-09-19 21:08,-4.6227,24.6227,1.036,6.4166,-1
2008-09-19 21:09,5.5455,14.4545,0.8,6.4596,1
2008-09-19 21:13,-2.1518,22.1518,1.0291,5.4424,-1
2008-09-19 21:14,6.25,13.75,1.4974,6.5916,-1
2008-09-19 21:59,3.2509,16.7491,0.974,6.6584,1
2008-09-19 23:26,0.9909,19.0091,0.8201,5.8267,-1
2008-09-19 23:33,-3.8655,23.8655,0.9791,6.1618,-1
2008-09-20 0:18,-0.75,20.75,1.172,4.944,-1
2008-09-20 0:33,0.2745,19.7255,1.0147,6.3622,-1
2008-09-20 3:58,-5.9273,25.9273,0.8454,5.4048,-1
2008-09-20 4:13,-2.9209,22.9209,1.0305,5.6664,-1
2008-09-20 4:28,-3.74,23.74,0.9812,6.4008,-1
2008-09-20 5:22,-0.0691,20.0691,0.9836,5.9801,-1
2008-09-20 5:25,5.1136,14.8864,0.9822,5.3427,-1
2008-09-20 5:34,1.7082,18.2918,1.2168,5.7303,-1
2008-09-20 6:08,1.5555,18.4445,0.929,5.9979,-1
2008-09-20 7:21,1.3136,18.6864,1.1614,6.0255,-1
2008-09-20 8:14,-1.0182,21.0182,1.0193,5.5252,-1
2008-09-20 10:51,-0.9945,20.9945,1.2624,5.6341,-1
2008-09-20 11:18,-0.9236,20.9236,0.8076,4.9581,-1
2008-09-20 12:20,-0.6609,20.6609,0.9897,5.9417,-1
2008-09-20 12:26,-0.1918,20.1918,0.9763,6.3872,-1
2008-09-20 12:27,-2.2818,22.2818,0.8609,5.2848,-1
2008-09-20 12:36,-5.9336,25.9336,0.9007,4.2757,-1
2008-09-20 12:57,5.7182,14.2818,0.8155,6.0336,-1
2008-09-20 14:00,-5.1255,25.1255,1.037,6.2917,-1
2008-09-20 14:06,-2.1309,22.1309,1.2561,6.3321,-1
2008-09-20 14:42,0.42,19.58,0.9815,5.9449,-1
2008-09-20 14:50,-1.1945,21.1945,1.4027,5.844,-1
2008-09-20 14:53,-3.5291,23.5291,1.4061,5.4425,-1
2008-09-20 15:02,-3.4291,23.4291,0.8161,6.0576,-1
2008-09-20 15:19,-2.1709,22.1709,1.0252,5.4691,-1
2008-09-20 15:37,-5.9573,25.9573,1.0226,5.3178,-1
2008-09-20 15:46,-1.0464,21.0464,0.9651,6.6724,-1
2008-09-20 16:43,4.2391,15.7609,1.1555,5.9364,-1
2008-09-20 16:44,-1.6873,21.6873,1.2148,6.1015,-1
2008-09-20 17:26,1.0145,18.9855,1.1927,6.0609,-1
2008-09-20 17:29,-0.8727,20.8727,1.2206,6.0102,-1
2008-09-20 18:03,-4.2364,24.2364,1.0943,4.5065,-1
2008-09-20 18:21,-5.1391,25.1391,1.0258,4.668,-1
2008-09-20 18:56,1.54,18.46,0.8655,5.951,-1
2008-09-20 19:14,0.1082,19.8918,0.8365,6.2285,-1
2008-09-20 19:21,-1.67,21.67,0.968,6.0786,-1
2008-09-20 23:34,-4.89,24.89,0.8481,5.5397,-1
2008-09-21 0:48,-6.5282,26.5282,0.8614,6.0976,-1
2008-09-21 1:06,7.03,12.97,1.2478,5.9774,-1
2008-09-21 2:07,-2.6355,22.6355,0.7936,3.4017,-1
2008-09-21 3:04,1.3936,18.6064,0.9408,5.9356,-1
2008-09-21 3:47,-3.7045,23.7045,0.9545,5.6437,-1
2008-09-21 4:17,-0.45,20.45,0.8288,6.0961,-1
2008-09-21 4:49,-1.4564,21.4564,1.0122,5.4972,-1
2008-09-21 7:30,-2.6364,22.6364,0.8878,5.7284,-1
2008-09-21 7:55,3.9818,16.0182,0.9059,6.4007,-1
2008-09-21 8:22,-4.2327,24.2327,0.7917,5.2504,-1
2008-09-21 8:49,-0.8045,20.8045,0.9098,5.6716,-1
2008-09-21 9:16,-0.0164,20.0164,0.8129,5.7484,-1
2008-09-21 9:31,0.7827,19.2173,1.1989,4.7416,-1
2008-09-21 10:07,-0.4409,20.4409,1.1513,6.4042,-1
2008-09-21 10:49,2.1136,17.8864,1.1317,5.677,-1
2008-09-21 11:33,-1.66,21.66,0.938,5.5972,-1
2008-09-21 12:04,3.0982,16.9018,1.3058,5.7528,-1
2008-09-21 14:30,1.4009,18.5991,0.9375,6.345,-1
2008-09-21 14:31,1.1855,18.8145,1.4173,4.3032,-1
2008-09-21 14:33,-2.6655,22.6655,0.8599,5.0003,-1
2008-09-21 15:15,-1.31,21.31,0.817,6.5499,-1
2008-09-21 15:26,-3.8836,23.8836,1.1104,7.8422,-1
2008-09-21 15:34,-1.5945,21.5945,1.1925,6.0351,-1
2008-09-21 16:43,-1.7155,21.7155,1.0236,6.7201,-1
2008-09-21 17:26,-3.2882,23.2882,0.8564,6.1785,-1
2008-09-21 17:30,-2.9182,22.9182,1.0238,5.6787,-1
2008-09-21 18:12,,,,,-1
2008-09-21 19:19,-3.0882,23.0882,0.8778,6.2744,-1
2008-09-21 20:35,-0.0045,20.0045,0.8698,6.1118,-1
2008-09-21 21:54,-5.8564,25.8564,0.9272,5.0402,-1
2008-09-21 22:02,3.9673,16.0327,0.9116,6.194,-1
2008-09-22 0:12,0.7,19.3,1.0175,4.8697,-1
2008-09-22 0:28,-6.6618,26.6618,1.0312,5.9998,-1
2008-09-22 0:47,2.6345,17.3655,0.9269,5.9621,-1
2008-09-22 1:43,-0.6327,20.6327,1.0017,6.2509,-1
2008-09-22 3:51,-5.8818,25.8818,0.9126,5.093,-1
2008-09-22 6:05,-2.2636,22.2636,1.1877,6.4537,-1
2008-09-22 7:12,0.7382,19.2618,1.1623,4.9679,-1
2008-09-22 10:43,4.9082,15.0918,0.9964,6.4502,-1
2008-09-22 11:50,-1.1764,21.1764,0.8991,6.324,-1
2008-09-22 12:11,-3.1182,23.1182,0.82,4.7676,-1
2008-09-22 12:45,-2.5191,22.5191,0.8282,4.6868,-1
2008-09-22 13:03,-0.9,20.9,0.9026,5.662,-1
2008-09-22 14:24,2.23,17.77,1.2743,6.0538,-1
2008-09-22 14:27,-1.0909,21.0909,0.8596,5.3514,-1
2008-09-22 14:36,-6.0845,26.0845,0.8954,5.9625,-1
2008-09-22 16:25,0.4382,19.5618,0.8044,6.2065,-1
2008-09-22 21:30,2.6227,17.3773,0.8701,5.604,-1
2008-09-22 21:31,-6.3391,26.3391,0.8779,5.5176,-1
2008-09-22 22:15,-2.67,22.67,0.9131,6.2496,-1
2008-09-22 22:17,-2.3891,22.3891,1.2565,6.2357,-1
2008-09-22 23:01,-3.9218,23.9218,0.8842,5.3696,-1
2008-09-22 23:10,-5.52,25.52,0.8376,5.0257,-1
2008-09-23 0:57,-0.0636,20.0636,0.9202,5.5453,-1
2008-09-23 6:44,-1.5991,21.5991,0.9352,6.6276,-1
2008-09-23 6:44,-2.2191,22.2191,0.8762,6.2679,-1
2008-09-23 6:52,2.9864,17.0136,0.8785,6.1092,-1
2008-09-23 7:58,0.2464,19.7536,0.9044,5.9487,-1
2008-09-23 8:11,0.7136,19.2864,0.9462,5.5251,-1
2008-09-23 9:43,-3.9555,23.9555,0.8834,6.5621,-1
2008-09-23 11:14,0.5609,19.4391,0.7865,6.2058,1
2008-09-23 11:42,-2.5682,22.5682,0.9317,5.3255,-1
2008-09-23 11:43,-1.2991,21.2991,0.8216,5.5949,-1
2008-09-23 12:29,-2.7282,22.7282,0.9401,5.8918,-1
2008-09-23 12:31,-5.4691,25.4691,0.8965,5.2196,-1
2008-09-23 12:46,-2.1,22.1,0.9175,5.5231,-1
2008-09-23 13:37,-1.9827,21.9827,0.8887,5.9424,-1
2008-09-23 15:23,-1.0545,21.0545,1.1989,5.9677,-1
2008-09-23 15:33,-3.2055,23.2055,0.8574,6.4264,-1
2008-09-23 15:58,1.4609,18.5391,0.8852,5.6095,-1
2008-09-23 18:10,-3.1227,23.1227,0.8667,5.6534,-1
2008-09-23 18:36,-3.7509,23.7509,0.8642,5.6382,-1
2008-09-23 18:56,-3.2945,23.2945,0.8629,6.5781,-1
2008-09-23 20:18,-1.56,21.56,0.928,5.3426,-1
2008-09-23 20:59,-1.0409,21.0409,0.9027,6.7517,-1
2008-09-23 21:26,-1.24,21.24,0.9019,6.1266,-1
2008-09-23 22:25,-4.4882,24.4882,0.8594,5.6779,-1
2008-09-24 2:19,1.4409,18.5591,0.9157,5.6388,-1
2008-09-24 2:44,-0.0509,20.0509,0.9143,5.8793,-1
2008-09-24 3:32,1.7318,18.2682,0.861,6.4481,-1
2008-09-24 3:40,-0.2436,20.2436,0.9064,4.8257,-1
2008-09-24 5:13,0.38,19.62,0.9254,5.4299,-1
2008-09-24 5:22,-2.1409,22.1409,0.8499,5.9426,-1
2008-09-24 6:13,-2.0655,22.0655,0.9006,6.1789,-1
2008-09-24 6:14,-4.3955,24.3955,0.8933,5.9108,-1
2008-09-24 7:23,-1.9291,21.9291,0.9626,5.6309,-1
2008-09-24 10:10,-4.6591,24.6591,0.9115,5.2265,-1
2008-09-24 10:53,-0.5327,20.5327,0.9191,5.3243,-1
2008-09-24 10:59,-1.0827,21.0827,0.8838,6.2487,-1
2008-09-24 11:47,-0.3727,20.3727,0.9269,5.8663,-1
2008-09-24 12:04,-1.0473,21.0473,0.8518,5.2672,-1
2008-09-24 12:35,0.9736,19.0264,0.9022,6.2383,-1
2008-09-24 13:01,-3.9509,23.9509,0.9318,5.2943,-1
2008-09-24 15:05,1.0027,18.9973,0.8223,5.4039,1
2008-09-24 15:39,2.8109,17.1891,0.8065,6.6779,-1
2008-09-24 15:42,-3.6145,23.6145,0.8958,5.6195,-1
2008-09-24 15:43,-5.76,25.76,0.8617,4.8198,-1
2008-09-24 16:26,-1.6109,21.6109,0.8341,6.609,-1
2008-09-24 17:54,2.32,17.68,0.8303,4.878,-1
2008-09-24 18:05,-1.2491,21.2491,0.9191,6.3362,-1
2008-09-25 1:05,0.1873,19.8127,0.8603,6.2017,-1
2008-09-25 2:03,4.8791,15.1209,1.0509,6.2484,-1
2008-09-25 6:21,-2.0209,22.0209,0.8836,6.4928,-1
2008-09-25 7:12,-0.7391,20.7391,0.9039,6.1993,-1
2008-09-25 7:58,-2.8727,22.8727,1.4286,5.6211,-1
2008-09-25 8:45,2.6036,17.3964,1.0738,6.4365,-1
2008-09-25 9:31,-5.9418,25.9418,0.874,6.2681,-1
2008-09-25 10:23,-4.9891,24.9891,0.8895,5.5626,-1
2008-09-25 11:08,-2.9718,22.9718,0.8723,5.934,-1
2008-09-25 11:09,-0.9364,20.9364,0.8882,5.592,-1
2008-09-25 11:55,1.1673,18.8327,0.8999,6.0582,-1
2008-09-25 13:42,0.6009,19.3991,1.1037,6.8518,-1
2008-09-25 14:08,2.6473,17.3527,1.0336,5.2188,-1
2008-09-25 14:28,0.5364,19.4636,0.9329,6.1468,-1
2008-09-25 15:12,-2.5036,22.5036,0.9361,6.1173,-1
2008-09-25 15:40,-0.6327,20.6327,0.8738,5.6114,-1
2008-09-25 15:55,0.77,19.23,0.8774,5.9881,-1
2008-09-25 16:44,-3.1818,23.1818,0.8783,5.5653,-1
2008-09-25 17:28,-0.8436,20.8436,0.8514,5.3903,-1
2008-09-25 17:29,-2.2409,22.2409,0.8835,6.4006,-1
2008-09-25 19:49,2.2982,17.7018,0.9647,5.456,-1
2008-09-25 22:05,-3.1255,23.1255,0.9259,5.0843,-1
2008-09-25 23:04,-1.1727,21.1727,0.9616,6.347,-1
2008-09-25 23:48,1.2955,18.7045,1.4815,6.6517,-1
2008-09-26 0:19,-2.9727,22.9727,1.4877,6.1274,-1
2008-09-26 1:21,4.3955,17.271,1.0174,6.8807,-1
2008-09-26 2:26,-3.4964,23.4964,1.5143,6.286,-1
2008-09-26 3:12,-3.2155,23.2155,0.913,5.4639,-1
2008-09-26 3:29,2.0282,17.9718,0.9101,5.8112,-1
2008-09-26 4:14,-3.6155,23.6155,1.0248,5.2099,-1
2008-09-26 5:32,-4.1018,24.1018,0.902,5.9276,-1
2008-09-26 11:08,0.1982,19.8018,1.0166,4.9763,-1
2008-09-26 13:36,-5.9682,25.9682,0.8662,5.8822,-1
2008-09-26 13:45,-1.4409,21.4409,0.8549,4.0799,-1
2008-09-26 14:20,-2.6709,22.6709,0.855,5.6081,-1
2008-09-26 14:51,0.0327,19.9673,0.8456,6.2048,-1
2008-09-26 15:06,1.7018,18.2982,0.8865,7.1345,-1
2008-09-26 15:36,-3.3455,23.3455,0.8615,6.1935,-1
2008-09-26 15:49,-2.4373,22.4373,0.8972,5.3549,-1
2008-09-26 16:31,-6.0455,26.0455,0.8862,5.399,-1
2008-09-26 17:59,-3.2255,23.2255,0.8002,4.3187,-1
2008-09-26 18:54,-9.1,29.1,0.9298,6.7237,-1
2008-09-26 19:38,2.2727,17.7273,1.0259,6.9201,-1
2008-09-26 19:45,-0.9536,20.9536,0.9263,8.4201,-1
2008-09-26 19:55,-2.5027,22.5027,0.8981,5.3471,-1
2008-09-26 20:23,-3.8791,23.8791,1.5476,6.9335,-1
2008-09-26 20:31,-6.6409,26.6409,1.0394,5.979,-1
2008-09-27 0:16,-5.6945,25.6945,0.8731,6.0284,-1
2008-09-27 0:17,1.5927,18.4073,0.9953,6.1181,-1
2008-09-27 1:29,-2.5345,22.5345,0.8626,6.0466,-1
2008-09-27 3:53,-0.5955,20.5955,0.9357,6.4285,-1
2008-09-27 10:10,-4.7818,24.7818,1.1015,6.6528,-1
2008-09-27 10:13,1.63,18.37,1.0526,6.4031,-1
2008-09-27 11:04,-0.4109,20.4109,1.0034,5.1659,-1
2008-09-27 11:45,-2.9573,22.9573,1.0015,5.3949,-1
2008-09-27 11:54,-0.2136,20.2136,0.9674,5.2483,-1
2008-09-27 12:26,-1.6045,21.6045,0.9534,6.2433,-1
2008-09-27 12:28,-0.0236,20.0236,0.899,4.6661,-1
2008-09-27 12:36,-0.0882,20.0882,1.4431,5.8971,-1
2008-09-27 13:14,-0.5973,20.5973,0.8865,5.0755,-1
2008-09-27 13:19,-0.4682,20.4682,0.9438,6.7352,-1
2008-09-27 14:01,-4.7991,24.7991,0.9158,4.6856,-1
2008-09-27 14:05,-0.0073,20.0073,0.495,5.6566,-1
2008-09-27 14:46,-2.5436,22.5436,0.9096,5.8847,-1
2008-09-27 15:09,3.9982,16.0018,0.4667,5.5009,-1
2008-09-27 15:30,-0.5745,20.5745,0.8566,5.9544,-1
2008-09-27 16:13,-9.4318,29.4318,0.8745,5.0614,-1
2008-09-27 17:26,1.47,18.53,1.0832,6.4815,-1
2008-09-27 18:14,3.1645,16.8355,1.0049,5.0324,-1
2008-09-27 19:16,-0.8173,20.8173,0.9359,4.5149,-1
2008-09-27 20:46,4.1655,15.8345,0.9542,7.9219,-1
2008-09-27 21:45,-4.15,24.15,1.0761,5.0329,-1
2008-09-28 0:51,3.2173,16.7827,0.8993,5.4883,-1
2008-09-28 1:22,-2.9355,22.9355,0.9128,6.1016,-1
2008-09-28 3:55,-4.4927,24.4927,0.964,5.8804,-1
2008-09-28 4:45,-5.3318,25.3318,0.9084,6.6834,1
2008-09-28 5:31,-0.2627,20.2627,0.9086,6.1746,-1
2008-09-28 6:22,-4.8382,24.8382,0.9036,6.3523,-1
2008-09-28 7:38,-1.02,21.02,1.504,5.7315,-1
2008-09-28 7:52,-0.5045,20.5045,0.8552,4.8941,-1
2008-09-28 8:40,-0.1545,20.1545,1.0925,7.4694,-1
2008-09-28 8:41,-1.6864,21.6864,1.5122,6.0909,-1
2008-09-28 9:50,-0.8218,20.8218,1.4786,5.7004,1
2008-09-28 17:05,1.6336,18.3664,1.0255,5.5332,-1
2008-09-28 17:06,-1.4973,21.4973,1.4714,6.2763,-1
2008-09-28 17:49,4.0809,15.9191,1.0244,7.8838,-1
2008-09-28 17:55,2.8464,17.1536,0.9776,7.0802,-1
2008-09-28 18:34,3.6536,16.3464,0.9355,6.8688,-1
2008-09-28 18:43,-1.4355,21.4355,0.9459,6.7221,-1
2008-09-28 19:18,-0.7155,20.7155,0.8778,5.672,-1
2008-09-28 19:29,0.3209,19.6791,1.4601,5.9535,-1
2008-09-28 20:02,-4.4109,24.4109,0.8379,5.6279,-1
2008-09-28 20:42,-5.7473,25.7473,0.8683,5.9118,-1
2008-09-28 21:08,-0.0945,20.0945,0.9444,6.2915,-1
2008-09-28 21:27,2.0909,17.9091,1.0954,7.7176,-1
2008-09-28 22:44,-0.1464,20.1464,1.501,6.434,-1
2008-09-28 23:54,1.1473,18.8527,0.476,5.0977,-1
2008-09-29 2:06,-1.9382,21.9382,0.4805,6.8247,-1
2008-09-29 3:07,3.5436,16.4564,0.8497,6.072,-1
2008-09-29 3:50,0.2073,19.7927,0.946,6.9864,-1
2008-09-29 4:18,-0.1191,20.1191,0.8711,5.4852,-1
2008-09-29 4:47,-1.8827,21.8827,0.9417,6.3194,-1
2008-09-29 5:32,3.3882,16.6118,1.026,5.8648,-1
2008-09-29 7:53,4.5382,15.4618,1.4964,6.8854,-1
2008-09-29 9:15,0.4982,19.5018,0.9063,7.756,-1
2008-09-29 11:13,4.0736,15.9264,1.4054,6.7181,-1
2008-09-29 11:53,1.4427,18.5573,0.9205,6.4107,-1
2008-09-29 12:25,1,19,0.5174,4.7033,-1
2008-09-29 14:03,-0.95,20.95,0.481,6.345,-1
2008-09-29 14:04,-2.2364,22.2364,0.8851,6.2104,-1
2008-09-29 14:08,1.2236,18.7764,1.064,7.0655,-1
2008-09-29 15:09,1.3555,18.6445,1.5493,6.339,-1
2008-09-29 15:16,0.59,19.41,1.0947,6.6705,-1
2008-09-29 16:27,4.5355,15.4645,1.0452,6.1389,-1
2008-09-29 17:21,-2.3364,22.3364,1.0353,5.6921,-1
2008-09-29 21:26,-10.4455,30.4455,0.8782,5.9261,-1
2008-09-29 21:48,-2.9491,22.9491,0.8705,5.3053,1
2008-09-29 22:13,0.4782,19.5218,0.9409,6.6784,-1
2008-09-30 1:33,1.4055,18.5945,1.0184,6.7294,-1
2008-09-30 1:36,-7.0082,27.0082,0.8743,5.6797,-1
2008-09-30 2:44,1.9336,18.0664,1.4554,6.7739,1
2008-09-30 4:01,6.3491,13.6509,0.9073,6.6094,-1
2008-09-30 4:42,6.2755,13.7245,0.8514,7.0005,-1
2008-09-30 8:44,5.6364,14.3636,1.011,6.1847,-1
2008-09-30 12:31,-3.7791,23.7791,0.8384,5.0262,-1
2008-09-30 13:29,-1.9482,21.9482,0.8964,7.3155,-1
2008-09-30 14:20,1.3282,18.6718,1.4649,6.1764,-1
2008-09-30 14:36,0.1536,19.8464,0.914,5.8343,-1
2008-09-30 15:16,-1.3127,21.3127,0.9521,7.2169,-1
2008-09-30 15:26,-1.86,21.86,1.1153,7.2116,-1
2008-09-30 16:13,3.4318,16.5682,0.9184,7.3183,-1
2008-09-30 16:50,3.1764,16.8236,1.0868,6.7129,-1
2008-09-30 17:27,-2.3591,22.3591,0.9746,6.5807,-1
2008-09-30 19:17,2.3418,17.6582,1.0853,6.5423,-1
2008-09-30 19:17,-6.0255,26.0255,0.8894,6.1813,-1
2008-09-30 21:39,0.1973,19.8027,0.9104,6.1148,-1
2008-09-30 21:42,2.0673,17.9327,0.9413,5.8273,-1
2008-09-30 23:34,,,,,-1
2008-09-30 23:58,0.2355,19.7645,0.4899,9.4049,-1
2008-01-10 0:20,-3.01,23.01,1.4492,5.4303,-1
2008-01-10 1:11,1.28,18.72,1.0296,7.3491,-1
2008-01-10 2:53,2.2009,17.7991,1.065,5.5917,-1
2008-01-10 5:56,-3.0055,23.0055,0.9085,5.9873,1
2008-01-10 7:19,-1.0982,21.0982,0.8674,5.5836,-1
2008-01-10 7:28,-2.0309,22.0309,0.8382,5.0673,-1
2008-01-10 8:15,-6.6464,26.6464,0.8904,5.4329,-1
2008-01-10 9:15,-0.5455,20.5455,0.8434,5.9374,-1
2008-01-10 9:16,-7.1518,27.1518,1.4428,5.8534,-1
2008-01-10 14:22,-6.3845,26.3845,0.8768,6.6065,-1
2008-01-10 15:16,-0.1545,20.1545,0.8208,5.1306,-1
2008-01-10 16:43,-1.4327,21.4327,0.8605,5.9129,-1
2008-01-10 19:57,-5.65,25.65,0.9347,5.7922,-1
2008-01-10 21:15,0.6573,19.3427,0.9844,6.8036,-1
2008-01-10 21:50,-1.9727,21.9727,0.8451,6.0377,-1
2008-01-10 22:47,5.0691,14.9309,0.8633,6.9652,-1
2008-01-10 23:34,-0.5127,20.5127,0.8692,5.8399,-1
2008-02-10 0:21,4.1591,15.8409,1.0249,6.899,-1
2008-02-10 0:22,3.1373,16.8627,0.9176,6.0591,-1
2008-02-10 3:17,3.8682,16.1318,0.9489,5.0074,1
2008-02-10 3:27,-5.4145,25.4145,0.8759,9.0825,-1
2008-02-10 4:11,-0.6818,20.6818,0.8901,7.6882,-1
2008-02-10 4:23,4.6891,15.3109,1.5057,6.6018,-1
2008-02-10 4:24,0.7736,19.2264,1.0338,7.2554,-1
2008-02-10 6:49,-0.7109,20.7109,0.9634,6.309,-1
2008-02-10 7:35,3.1527,16.8473,0.9211,8.1924,-1
2008-02-10 7:58,,,,,-1
2008-02-10 8:24,-3.8864,23.8864,0.8492,5.4821,-1
2008-02-10 8:52,-6.8764,26.8764,0.916,7.8184,-1
2008-02-10 8:57,-0.3955,20.3955,0.9797,6.1225,-1
2008-02-10 9:10,0.1364,19.8636,1.5135,6.7091,1
2008-02-10 9:42,0.5536,19.4464,0.8307,6.5699,-1
2008-02-10 10:03,3.2573,16.7427,0.9648,7.326,-1
2008-02-10 14:07,0.8527,19.1473,1.4723,6.6322,1
2008-02-10 14:10,-5.7091,25.7091,0.8529,6.5289,1
2008-02-10 14:54,3.0718,16.9282,0.897,6.1496,-1
2008-02-10 15:10,4.9382,15.0618,1.1754,6.3692,-1
2008-02-10 15:44,2.8727,17.1273,0.96,6.5619,-1
2008-02-10 15:58,-0.63,20.63,0.9903,7.0578,-1
2008-02-10 16:32,-1.4355,21.4355,0.9007,5.199,-1
2008-02-10 16:58,3.7136,16.2864,0.8211,6.0048,-1
2008-02-10 17:00,1.04,18.96,0.9013,6.9293,-1
2008-02-10 17:19,-3.0909,23.0909,0.8396,6.7011,-1
2008-02-10 19:21,-1.41,21.41,0.9448,6.1521,-1
2008-02-10 19:25,-0.0182,20.0182,0.861,6.7048,-1
2008-02-10 20:54,2.9282,17.0718,0.8786,5.3563,-1
2008-02-10 21:32,3.8882,16.1118,1.4351,6.1599,1
2008-02-10 21:33,-3.5727,23.5727,0.9059,7.2632,-1
2008-02-10 22:23,0.1627,19.8373,1.4872,5.9954,-1
2008-02-10 22:33,1.7909,18.2091,1.4819,6.2137,-1
2008-02-10 23:32,-2.4818,22.4818,0.8746,5.2525,-1
2008-02-10 23:32,0.67,19.33,0.8595,4.6743,-1
2008-03-10 0:24,1.7273,18.2727,0.856,4.5179,-1
2008-03-10 0:55,1.8609,18.1391,0.8572,5.4898,-1
2008-03-10 2:41,2.5055,17.4945,0.926,6.8724,-1
2008-03-10 3:52,1.9764,18.0236,0.9418,6.5299,-1
2008-03-10 3:56,3.3064,16.6936,0.8479,5.2016,-1
2008-03-10 4:49,-2.1009,22.1009,0.8721,4.9921,-1
2008-03-10 5:01,0.7864,19.2136,1.5013,6.8471,-1
2008-03-10 5:45,0.9573,19.0427,0.4766,6.1459,-1
2008-03-10 6:15,0.2236,19.7764,0.8475,6.3735,-1
2008-03-10 8:35,3.4845,16.5155,0.8733,4.706,-1
2008-03-10 9:30,-0.1891,20.1891,0.8636,5.8571,-1
2008-03-10 11:40,-5.55,25.55,0.8478,5.8514,-1
2008-03-10 12:31,0.7955,19.2045,0.8034,5.8105,-1
2008-03-10 18:45,1.5036,18.4964,0.8626,4.344,-1
2008-03-10 19:23,-0.3445,20.3445,0.9694,7.6267,-1
2008-03-10 19:23,-7.1427,27.1427,0.9184,7.4204,-1
2008-03-10 20:11,-4.72,24.72,0.9578,8.0112,-1
2008-03-10 20:26,0.9427,19.0573,0.9134,7.946,-1
2008-03-10 20:35,1.8782,18.1218,0.9148,6.9751,-1
2008-03-10 20:46,-3.3427,23.3427,0.8508,5.8788,-1
2008-03-10 21:15,0.6855,19.3145,0.8988,6.0654,-1
2008-03-10 21:52,-3.6036,23.6036,1.5031,7.6696,-1
2008-03-10 22:08,1.1991,18.8009,0.8811,5.7489,-1
2008-03-10 22:53,1.5882,18.4118,0.8427,6.1101,-1
2008-03-10 23:46,-6.0636,26.0636,0.8185,6.3149,-1
2008-04-10 0:58,2.5855,17.4145,0.8951,6.5936,-1
2008-04-10 1:49,-1.8809,21.8809,0.8526,2.8372,-1
2008-04-10 2:36,-3.7773,23.7773,0.905,4.1719,-1
2008-04-10 3:53,-2.1464,22.1464,0.9311,5.1254,-1
2008-04-10 4:12,0.8045,19.1955,1.4712,6.8357,-1
2008-04-10 4:45,-1.3618,21.3618,0.7851,5.3429,-1
2008-04-10 9:29,-3.1382,23.1382,0.6366,3.8988,-1
2008-04-10 15:16,0.3245,19.6755,0.9342,6.6674,-1
2008-04-10 16:58,-9.7682,29.7682,0.8976,9.4373,-1
2008-04-10 18:15,2.6991,17.3009,0.437,7.2579,-1
2008-04-10 18:25,-3.7073,23.7073,0.8862,6.4867,-1
2008-04-10 18:59,-2.6564,22.6564,0.8459,4.758,-1
2008-04-10 19:12,-7.87,27.87,0.8964,6.2427,-1
2008-04-10 19:47,-1.99,21.99,0.8709,5.5391,-1
2008-04-10 19:54,-5.8855,25.8855,0.8782,6.429,-1
2008-04-10 20:39,4.3618,15.6382,1.0288,6.5277,-1
2008-04-10 22:06,-7.6655,27.6655,0.8273,4.5816,-1
2008-04-10 23:18,1.1655,18.8345,0.9307,7.4458,1
2008-05-10 0:33,8.1455,11.8545,1.013,6.3085,1
2008-05-10 0:33,1.6482,18.3518,0.8549,7.0081,-1
2008-05-10 1:35,-1.4227,21.4227,0.8327,4.2328,-1
2008-05-10 4:01,0.0955,19.9045,1.1086,6.4552,-1
2008-05-10 4:20,7.1009,12.8991,0.8638,6.0625,-1
2008-05-10 4:48,1.5273,18.4727,0.9258,6.5119,-1
2008-05-10 5:31,1.8582,18.1418,0.4724,5.2096,-1
2008-05-10 5:53,0.2336,19.7664,1.022,4.8792,-1
2008-05-10 6:15,1.0482,18.9518,1.3424,4.8246,-1
2008-05-10 8:02,-1.03,21.03,0.9069,8.1412,-1
2008-05-10 8:40,-1.0445,21.0445,1.0164,6.1123,-1
2008-05-10 9:04,0.5982,19.4018,0.884,3.5534,-1
2008-05-10 9:47,0.4264,19.5736,0.5607,4.8581,-1
2008-05-10 10:00,1.3255,18.6745,0.9434,6.9063,-1
2008-05-10 10:43,-3.4191,23.4191,0.8454,4.9144,-1
2008-05-10 11:05,0.1773,19.8227,0.9602,6.3217,-1
2008-05-10 11:30,-1.7336,21.7336,0.8899,4.0742,-1
2008-05-10 12:03,-6.74,26.74,0.918,7.2867,-1
2008-05-10 12:17,-3.1927,23.1927,0.8,5.9052,-1
2008-05-10 13:49,2.7927,17.2073,1.4075,5.1405,-1
2008-05-10 14:34,3.64,16.36,0.9041,6.9471,-1
2008-05-10 15:30,1.0691,18.9309,0.9083,6.0094,1
2008-05-10 15:35,-1.8736,21.8736,0.8094,4.9715,1
2008-05-10 16:15,5.7309,14.2691,0.9937,6.5571,-1
2008-05-10 16:37,-4.0527,24.0527,1.1151,6.0888,1
2008-05-10 16:49,-2.5418,22.5418,0.8905,6.5401,1
2008-05-10 18:46,-6.6455,26.6455,0.8778,4.6434,1
2008-05-10 18:59,1.0518,18.9482,0.8378,5.5312,-1
2008-05-10 19:45,-0.81,20.81,1.0677,4.6521,-1
2008-05-10 20:12,-5.1491,25.1491,0.883,8.9709,-1
2008-05-10 20:30,6.2636,13.7364,0.9292,7.2975,-1
2008-05-10 22:13,-4.8873,24.8873,1.4145,5.9314,-1
2008-06-10 0:41,-2.15,22.15,1.0703,6.8687,-1
2008-06-10 1:25,-1.97,21.97,0.8699,5.53,-1
2008-06-10 1:27,0.7,19.3,0.9486,6.5988,-1
2008-06-10 1:30,-2.7136,22.7136,0.8977,6.7278,-1
2008-06-10 2:44,-5.2427,25.2427,1.0641,6.7739,-1
2008-06-10 2:49,-2.8055,22.8055,0.8415,6.1347,-1
2008-06-10 3:31,-4.6582,24.6582,1.0728,6.6151,-1
2008-06-10 3:50,-1.1455,21.1455,0.9292,6.842,1
2008-06-10 3:57,3.1336,16.8664,1.3981,5.4986,1
2008-06-10 4:26,3.6809,16.3191,1.4663,6.3486,-1
2008-06-10 5:21,5.17,14.83,0.9001,7.7904,-1
2008-06-10 5:24,-1.2955,21.2955,1.515,7.4191,-1
2008-06-10 6:11,3.8109,16.1891,1.0427,7.2585,-1
2008-06-10 6:26,2.0509,17.9491,1.0276,6.1589,-1
2008-06-10 6:49,0.6327,19.3673,0.9506,6.119,-1
2008-06-10 7:12,1.7036,18.2964,0.8824,4.975,-1
2008-06-10 7:17,-1.7818,21.7818,0.9257,5.9128,-1
2008-06-10 7:35,-2.2373,22.2373,1.0506,4.8715,-1
2008-06-10 7:38,-4.9627,24.9627,0.9138,7.7641,-1
2008-06-10 8:24,-2.0327,22.0327,1.0651,7.2462,-1
2008-06-10 8:57,-1.8709,21.8709,0.4544,5.0698,-1
2008-06-10 9:11,3.7555,16.2445,0.9509,7.0504,-1
2008-06-10 9:57,-4.8609,24.8609,0.9189,5.041,-1
2008-06-10 10:07,-0.1145,20.1145,1.5328,6.4512,-1
2008-06-10 11:51,-3.9255,23.9255,0.4557,5.2486,-1
2008-06-10 12:39,-3.54,23.54,0.5007,7.5148,-1
2008-06-10 12:42,-5.68,25.68,0.5785,8.8212,-1
2008-06-10 13:08,2.4209,17.5791,0.8442,5.0605,-1
2008-06-10 13:38,-0.3136,20.3136,1.1005,8.4329,1
2008-06-10 13:55,-0.0345,20.0345,0.9239,6.8036,1
2008-06-10 15:00,-1.2164,21.2164,0.8139,5.6346,1
2008-06-10 15:01,1.8109,18.1891,1.0625,5.278,-1
2008-06-10 15:52,1.2109,18.7891,1.4215,5.0362,-1
2008-06-10 16:42,-2.5945,22.5945,0.84,5.5986,-1
2008-06-10 16:50,-2.91,22.91,0.8052,6.3251,-1
2008-06-10 17:26,-3.2436,23.2436,0.8921,5.89,-1
2008-06-10 17:26,-3.6345,23.6345,0.846,5.7353,-1
2008-06-10 17:35,-3.9927,23.9927,0.8791,5.6299,-1
2008-06-10 18:54,-2.3618,22.3618,0.9099,4.9883,-1
2008-06-10 18:55,4.7282,15.2718,1.0432,7.8942,-1
2008-06-10 19:42,-3.1964,23.1964,0.9092,5.9835,-1
2008-06-10 20:02,-1.5036,21.5036,0.8499,3.9706,-1
2008-06-10 20:36,8.9964,11.0036,0.9277,7.6648,-1
2008-06-10 20:47,-0.4109,20.4109,0.8794,7.797,-1
2008-06-10 21:46,-6.5027,26.5027,0.8593,6.6944,-1
2008-06-10 21:48,-3.7673,23.7673,0.9325,6.7576,-1
2008-06-10 22:37,3.3691,16.6309,0.8433,4.4368,-1
2008-06-10 23:03,1.3355,18.6645,1.0315,5.3196,-1
2008-07-10 1:46,-3.4327,23.4327,0.4864,9.4002,-1
2008-07-10 3:29,-3.8691,23.8691,0.9248,7.6154,-1
2008-07-10 3:39,4.9336,15.0664,0.583,5.5985,-1
2008-07-10 7:32,1.1891,18.8109,0.9295,6.6021,-1
2008-07-10 7:41,-2.3109,22.3109,0.9439,8.1279,-1
2008-07-10 8:25,-3.0645,23.0645,0.8956,5.905,-1
2008-07-10 8:26,-1.99,21.99,0.9146,7.5225,-1
2008-07-10 9:11,3.1727,16.8273,0.8815,8.7228,-1
2008-07-10 9:20,1.8318,18.1682,1.5268,6.669,-1
2008-07-10 9:59,-4.9191,24.9191,1.4792,6.4019,-1
2008-07-10 10:04,-2.3264,22.3264,0.8268,5.5028,-1
2008-07-10 10:10,-6.2591,26.2591,0.8579,4.9988,-1
2008-07-10 10:51,-0.4636,20.4636,0.8877,5.4479,-1
2008-07-10 11:15,-0.28,20.28,0.4911,9.4506,-1
2008-07-10 11:16,4.7382,26.6443,2.2468,24.4929,-1
2008-07-10 11:36,-6.4945,26.4945,0.8837,7.161,-1
2008-07-10 12:40,-3.9618,23.9618,0.8905,5.616,-1
2008-07-10 13:10,-2.49,22.49,0.8314,5.5691,1
2008-07-10 13:48,-0.5345,20.5345,0.9116,8.0089,-1
2008-07-10 14:35,-7.8145,27.8145,0.9184,7.0795,-1
2008-07-10 16:32,-2.9791,22.9791,0.9256,7.0741,-1
2008-07-10 17:06,0.3173,19.6827,0.9376,6.9188,-1
2008-07-10 17:28,-3.4618,23.4618,0.8468,5.0979,-1
2008-07-10 18:39,-3.4391,23.4391,0.8268,4.958,-1
2008-07-10 19:24,-3.5573,23.5573,0.9036,5.8603,-1
2008-07-10 20:19,2.6827,17.3173,0.8602,4.0642,-1
2008-07-10 20:39,1.7791,18.2209,0.8878,8.9446,-1
2008-07-10 20:48,-1.4627,21.4627,1.0195,3.9928,-1
2008-08-10 4:47,-5.4282,25.4282,1.5365,6.1458,-1
2008-08-10 5:35,-1.4609,21.4609,0.9119,7.1834,-1
2008-08-10 5:38,-4.8009,24.8009,0.9091,5.4046,-1
2008-08-10 6:25,-2.6682,22.6682,0.8928,5.6722,-1
2008-08-10 7:10,-2.2582,22.2582,0.8267,6.4506,-1
2008-08-10 7:13,-1.8509,21.8509,0.9132,8.1688,-1
2008-08-10 7:16,-1.97,21.97,0.95,7.6914,-1
2008-08-10 9:01,-4.5718,24.5718,0.4997,7.5739,-1
2008-08-10 9:06,-0.5655,20.5655,1.5303,6.8991,-1
2008-08-10 10:37,-2.0991,22.0991,0.9321,5.4486,-1
2008-08-10 12:11,-5.1618,25.1618,0.9092,5.9703,-1
2008-08-10 13:35,1.7736,18.2264,0.9136,7.8787,-1
2008-08-10 13:38,-0.3409,20.3409,0.932,7.913,-1
2008-08-10 14:48,2.8236,17.1764,0.9683,7.2144,-1
2008-08-10 15:37,3.6255,16.3745,0.9233,8.407,-1
2008-08-10 16:26,0.2336,19.7664,0.9593,8.0226,-1
2008-08-10 17:14,-5.8273,25.8273,0.8801,5.58,-1
2008-08-10 17:31,-3.4873,23.4873,0.9346,6.9129,-1
2008-08-10 17:41,-5.3264,25.3264,0.5633,8.1392,-1
2008-08-10 18:22,-2.1264,22.1264,0.8984,6.4574,-1
2008-08-10 20:27,-5.7373,25.7373,0.9335,7.5886,-1
2008-08-10 21:19,0.2055,19.7945,0.9216,6.432,-1
2008-08-10 21:45,-2.8245,22.8245,0.8979,6.2443,-1
2008-08-10 22:08,-4.9336,24.9336,0.9101,7.1048,-1
2008-08-10 23:13,3.1427,16.8573,0.8263,7.2355,-1
2008-08-10 23:50,7.71,12.29,1.4518,6.4389,-1
2008-09-10 0:23,-3.1827,23.1827,0.9965,6.5722,-1
2008-09-10 4:34,-5.1645,25.1645,0.844,5.6089,1
2008-09-10 6:06,-3.5064,23.5064,0.9153,6.0296,-1
2008-09-10 7:38,-1.0455,21.0455,0.7848,6.1867,-1
2008-09-10 14:15,-4.25,24.25,0.9141,4.8496,-1
2008-09-10 15:04,2.3091,17.6909,0.8833,5.8662,-1
2008-09-10 15:55,-6.2473,26.2473,0.5229,5.6824,1
2008-09-10 15:56,-2.5027,22.5027,0.4697,8.6182,-1
2008-10-10 10:05,4.1691,15.8309,0.9063,8.153,-1
2008-10-10 10:46,-0.4491,20.4491,1.0316,4.5365,-1
2008-10-10 10:53,-2.1136,22.1136,0.8486,6.3528,-1
2008-10-10 12:30,-0.7664,20.7664,0.867,4.811,-1
2008-10-10 15:33,0.4345,19.5655,1.0062,7.8652,-1
2008-10-10 15:50,2.9864,17.0136,1.0136,6.4543,-1
2008-10-10 20:02,-3.7245,23.7245,0.8978,6.8604,-1
2008-10-10 21:03,-1.4782,21.4782,0.8857,6.9121,-1
2008-10-10 21:07,0.2945,19.7055,0.974,8.1324,-1
2008-10-10 21:16,5.6155,14.3845,0.8528,6.1412,-1
2008-11-10 2:55,5.5191,14.4809,0.6398,9.9132,-1
2008-11-10 6:56,2.2618,17.7382,0.5625,4.2851,-1
2008-11-10 7:38,2.3936,17.6064,0.5059,10.1918,-1
2008-11-10 7:39,-2.7973,35.25,909.919,24.8494,-1
2008-11-10 7:42,-0.0864,20.0864,0.8837,5.8183,-1
2008-11-10 8:27,-0.2491,20.2491,1.4068,5.1561,-1
2008-11-10 14:43,-1.7909,21.7909,0.4739,11.0739,-1
2008-11-10 15:33,1.6018,18.3982,0.8898,4.3999,-1
2008-11-10 16:25,-2.8618,22.8618,0.8937,4.2821,-1
2008-11-10 23:16,-10.68,30.68,0.9818,5.5645,-1
2008-11-10 23:58,-0.5591,20.5591,0.8937,5.4842,-1
2008-12-10 0:57,-2.9609,22.9609,0.9547,8.8415,-1
2008-12-10 1:50,1.4791,18.5209,0.647,6.2258,-1
2008-12-10 2:59,1.2518,18.7482,0.9489,5.0622,-1
2008-12-10 3:21,0.0064,19.9936,1.3807,5.4015,-1
2008-12-10 3:28,2.1927,17.8073,0.9662,8.0115,-1
2008-12-10 8:19,3.6664,16.3336,0.9487,4.2749,-1
2008-12-10 18:47,1.4845,18.5155,0.4325,6.052,-1
2008-10-13 3:34,-5.0355,25.0355,0.9211,4.8829,-1
2008-10-13 3:53,-3.1427,23.1427,0.8578,7.3158,-1
2008-10-13 11:27,-0.6236,20.6236,0.9498,4.8182,-1
2008-10-13 12:18,-0.0445,20.0445,0.9574,6.9442,-1
2008-10-13 14:06,-1.3327,21.3327,0.4841,7.8569,-1
2008-10-13 14:29,2.6991,17.3009,0.983,7.714,-1
2008-10-13 14:30,-2.5418,22.5418,0.7924,5.9513,-1
2008-10-13 14:55,-1.1236,21.1236,0.9384,4.304,-1
2008-10-13 15:42,-0.9091,20.9091,0.8467,7.1639,-1
2008-10-13 15:42,-1.7382,21.7382,0.9297,7.553,-1
2008-10-13 16:13,0.2327,19.7673,0.8877,3.6302,-1
2008-10-13 19:17,-1.3018,21.3018,0.9844,7.2653,-1
2008-10-13 19:36,-2.8845,22.8845,0.8498,5.0617,-1
2008-10-13 19:40,-4.7682,24.7682,0.951,6.2858,-1
2008-10-13 20:10,3.3573,16.6427,0.954,5.5726,-1
2008-10-13 20:30,-2.6591,22.6591,0.7319,8.3767,-1
2008-10-13 20:53,26.9709,16.775,2.1231,27.829,-1
2008-10-13 21:20,0.6055,19.3945,0.8437,6.5077,-1
2008-10-13 21:47,4.7545,15.2455,0.9784,5.9215,-1
2008-10-13 21:57,-0.2709,20.2709,0.8523,7.1803,-1
2008-10-13 22:48,-2.8555,22.8555,0.8576,4.8093,-1
2008-10-13 22:54,3.8873,16.1127,0.8616,4.5438,-1
2008-10-14 0:35,-3.2373,23.2373,0.9035,6.6201,-1
2008-10-14 3:21,-1.1627,21.1627,0.9833,5.6723,-1
2008-10-14 3:28,-0.7418,20.7418,0.8975,6.4934,-1
2008-10-14 3:35,-6.7227,26.7227,0.9566,6.8188,-1
2008-10-14 13:13,0.4445,19.5555,0.6661,8.5698,-1
2008-10-14 13:16,-1.5091,21.5091,0.9295,5.3306,-1
2008-10-14 14:07,2.44,17.56,0.9575,7.7091,-1
2008-10-14 14:15,-3.45,23.45,1.0751,7.5548,-1
2008-10-14 14:43,4.9209,15.0791,0.9608,5.8069,-1
2008-10-14 17:36,-4.6173,24.6173,0.9624,5.2176,-1
2008-10-14 19:15,-1.65,21.65,0.8647,6.187,-1
2008-10-14 20:01,-2.9818,22.9818,0.8557,6.1871,-1
2008-10-14 20:30,2.0318,17.9682,0.7766,6.5763,-1
2008-10-14 20:48,-0.2255,20.2255,1.0331,6.4755,-1
2008-10-14 21:36,-2.0455,22.0455,0.9421,6.0289,-1
2008-10-14 23:07,0.9027,19.0973,0.9362,3.8732,-1
2008-10-15 0:03,-4.8809,24.8809,0.4805,6.9851,-1
2008-10-15 0:27,-3.88,23.88,0.9203,5.933,-1
2008-10-15 0:47,4.7573,15.2427,0.9235,6.3023,-1
2008-10-15 1:52,-5.0918,25.0918,0.9825,6.8085,-1
2008-10-15 1:52,-0.6345,20.6345,0.9976,7.2191,-1
2008-10-15 1:52,-4.7227,24.7227,1.0019,6.9793,-1
2008-10-15 2:40,-2.0164,22.0164,0.9404,6.6069,-1
2008-10-15 2:40,-0.3773,20.3773,1.0403,6.3979,-1
2008-10-15 2:42,2.8691,17.1309,0.9176,6.0802,1
2008-10-15 3:24,-3.9073,23.9073,0.9406,5.5179,-1
2008-10-15 4:08,-2.0718,22.0718,1.0064,6.7422,-1
2008-10-15 5:13,1.3464,18.6536,0.8432,4.84,-1
2008-10-15 5:16,-1.8045,21.8045,0.9209,7.1846,-1
2008-10-15 6:49,-4.4309,24.4309,0.7794,7.0036,-1
2008-10-15 7:36,-2.1155,22.1155,1.3511,6.0679,-1
2008-10-15 7:55,-3.6509,23.6509,0.9813,4.9125,-1
2008-10-15 8:21,-2.5382,22.5382,0.9885,9.4707,-1
2008-10-15 9:11,4.4209,15.5791,1.0056,6.4735,-1
2008-10-15 10:00,0.5773,19.4227,0.8821,7.2207,-1
2008-10-15 12:53,-0.1882,20.1882,0.4137,8.0943,-1
2008-10-15 13:14,-2.2382,22.2382,0.9971,5.793,-1
2008-10-15 13:16,-1.1655,21.1655,0.96,4.1728,-1
2008-10-15 14:08,-0.4527,20.4527,1.3046,6.0778,-1
2008-10-15 15:11,-3.8991,23.8991,0.999,4.8977,-1
2008-10-15 16:24,1.5118,18.4882,0.898,4.5457,-1
2008-10-15 17:19,-2.3127,22.3127,0.9103,7.0382,-1
2008-10-15 18:16,0.6482,19.3518,0.8231,4.6428,-1
2008-10-15 19:15,-4.3518,24.3518,1.0526,7.4285,-1
2008-10-15 19:24,5.9282,14.0718,0.8322,6.1224,-1
2008-10-15 21:44,5.6382,14.3618,0.5422,6.8061,-1
2008-10-15 22:45,-3.1818,23.1818,0.8867,6.9605,-1
2008-10-15 22:54,3.6809,16.3191,0.9328,4.6901,-1
2008-10-15 23:00,5.6627,14.3373,0.9588,5.7427,-1
2008-10-15 23:45,3.2882,16.7118,0.9273,5.0094,-1
2008-10-16 2:16,4.6964,15.3036,0.9173,5.9533,-1
2008-10-16 2:16,-2.4436,22.4436,0.9492,6.8318,-1
2008-10-16 2:17,1.5645,18.4355,0.847,5.4151,-1
2008-10-16 2:22,2.9545,17.0455,0.8898,5.6384,-1
2008-10-16 2:55,-4.99,24.99,0.8408,5.474,-1
2008-10-16 3:56,3.0682,16.9318,0.9168,6.8285,-1
2008-10-16 4:02,2.9691,17.0309,0.9397,6.7082,-1
2008-10-16 4:02,2.3318,17.6682,0.985,5.4339,-1
2008-10-16 4:04,2.8009,17.1991,0.9237,5.6283,-1
2008-10-16 4:47,1.5745,18.4255,0.9591,6.683,-1
2008-10-16 4:50,-2.7673,22.7673,0.9243,6.7663,-1
2008-10-16 4:54,-2.3109,22.3109,0.8686,5.0277,-1
2008-10-16 5:08,0.0627,19.9373,0.963,5.7279,-1
2008-10-16 5:13,5.9345,14.0655,0.8638,5.6037,-1
2008-10-16 5:44,-3.1909,23.1909,0.9767,7.0795,-1
2008-10-16 5:58,3.4827,16.5173,0.8526,4.5427,-1
2008-10-16 15:02,4.6227,15.3773,0.9247,6.282,-1
2008-10-16 15:13,2.8182,17.1818,0.9923,5.7187,-1
2008-10-16 20:49,-3.3555,23.3555,0.4904,5.7124,-1
2008-10-17 5:26,1.1664,18.8336,0.9078,6.3378,-1
2008-10-17 6:01,4.4682,15.5318,0.9981,5.9169,-1
2008-10-17 6:07,1.8718,18.1282,0.9683,8.9808,-1
